scenario,shield_mm_Al,day,dose_rate_mGy_day,ros_norm_R,mitochondrial_integrity_M,fast_redox_channel_stress,slow_mito_pump_stress,neural_risk_proxy_0to1
LEO_ISS_like,1.0,0,67.06666666666666,0.0,1.0,0.0,0.0,0.0
LEO_ISS_like,1.0,1,67.06666666666666,0.6343212268694635,1.0,0.6343212268694635,0.0,0.2537284907477854
LEO_ISS_like,1.0,2,67.06666666666666,0.7076987281643797,0.9904851815969581,0.7076987281643797,0.009514818403041914,0.28878838230757703
LEO_ISS_like,1.0,3,67.06666666666666,0.71618694748956,0.9799992495029397,0.71618694748956,0.020000750497060293,0.2984752292940602
LEO_ISS_like,1.0,4,67.06666666666666,0.7171688542871597,0.9695313116887774,0.7171688542871597,0.030468688311222625,0.30514875470159747
LEO_ISS_like,1.0,5,67.06666666666666,0.7172824400608346,0.9591929528537205,0.7172824400608346,0.040807047146279474,0.31139720431210155
LEO_ISS_like,1.0,6,67.06666666666666,0.7172955795237784,0.9489951900694783,0.7172955795237784,0.0510048099305217,0.3175211177678244
LEO_ISS_like,1.0,7,67.06666666666666,0.7172970994807314,0.9389375536768774,0.7172970994807314,0.06106244632312263,0.3235563075861661
LEO_ISS_like,1.0,8,67.06666666666666,0.7172972753074869,0.9290182832581574,0.7172972753074869,0.07098171674184262,0.3295079401681003
LEO_ISS_like,1.0,9,67.06666666666666,0.7172972956469102,0.9192354941590042,0.7172972956469102,0.08076450584099581,0.33537762176336156
LEO_ISS_like,1.0,10,67.06666666666666,0.7172972979997498,0.9095873106661836,0.7172972979997498,0.09041268933381641,0.34116653280018977
LEO_ISS_like,1.0,11,67.06666666666666,0.7172972982719233,0.9000718809306494,0.7172972982719233,0.09992811906935062,0.3468757907503797
LEO_ISS_like,1.0,12,67.06666666666666,0.717297298303408,0.8906873783612261,0.717297298303408,0.10931262163877387,0.3525064923046275
LEO_ISS_like,1.0,13,67.06666666666666,0.7172972983070502,0.8814320014741707,0.7172972983070502,0.11856799852582933,0.3580597184383177
LEO_ISS_like,1.0,14,67.06666666666666,0.7172972983074715,0.8723039735702662,0.7172972983074715,0.12769602642973377,0.36353653518082885
LEO_ISS_like,1.0,15,67.06666666666666,0.7172972983075202,0.8633015423963831,0.7172972983075202,0.13669845760361687,0.36893799388517823
LEO_ISS_like,1.0,16,67.06666666666666,0.7172972983075259,0.8544229798094094,0.7172972983075259,0.1455770201905906,0.3742651314373647
LEO_ISS_like,1.0,17,67.06666666666666,0.7172972983075265,0.8456665814445439,0.7172972983075265,0.15433341855545613,0.3795189704562843
LEO_ISS_like,1.0,18,67.06666666666666,0.7172972983075266,0.8370306663881233,0.7172972983075266,0.1629693336118767,0.38470051949013667
LEO_ISS_like,1.0,19,67.06666666666666,0.7172972983075266,0.8285135768549476,0.7172972983075266,0.17148642314505236,0.3898107732100421
LEO_ISS_like,1.0,20,67.06666666666666,0.7172972983075266,0.8201136778700454,0.7172972983075266,0.1798863221299546,0.3948507126009834
LEO_ISS_like,1.0,21,67.06666666666666,0.7172972983075266,0.8118293569548167,0.7172972983075266,0.18817064304518327,0.3998213051501206
LEO_ISS_like,1.0,22,67.06666666666666,0.7172972983075266,0.8036590238174959,0.7172972983075266,0.19634097618250412,0.40472350503251314
LEO_ISS_like,1.0,23,67.06666666666666,0.7172972983075266,0.795601110047872,0.7172972983075266,0.20439888995212796,0.4095582532942874
LEO_ISS_like,1.0,24,67.06666666666666,0.7172972983075266,0.7876540688162113,0.7172972983075266,0.21234593118378875,0.41432647803328393
LEO_ISS_like,1.0,25,67.06666666666666,0.7172972983075266,0.7798163745763206,0.7172972983075266,0.22018362542367942,0.4190290945772183
LEO_ISS_like,1.0,26,67.06666666666666,0.7172972983075266,0.7720865227726982,0.7172972983075266,0.22791347722730182,0.42366700565939175
LEO_ISS_like,1.0,27,67.06666666666666,0.7172972983075266,0.7644630295517124,0.7172972983075266,0.23553697044828759,0.42824110159198325
LEO_ISS_like,1.0,28,67.06666666666666,0.7172972983075266,0.7569444314767558,0.7172972983075266,0.24305556852324417,0.43275226043695714
LEO_ISS_like,1.0,29,67.06666666666666,0.7172972983075266,0.7495292852473175,0.7172972983075266,0.25047071475268246,0.43720134817462014
LEO_ISS_like,1.0,30,67.06666666666666,0.7172972983075266,0.7422161674219215,0.7172972983075266,0.25778383257807846,0.44158921886985775
LEO_ISS_like,1.0,31,67.06666666666666,0.7172972983075266,0.7350036741448771,0.7172972983075266,0.2649963258551229,0.4459167148360844
LEO_ISS_like,1.0,32,67.06666666666666,0.7172972983075266,0.7278904208767891,0.7172972983075266,0.2721095791232109,0.4501846667969372
LEO_ISS_like,1.0,33,67.06666666666666,0.7172972983075266,0.7208750421287761,0.7172972983075266,0.27912495787122393,0.45439389404574504
LEO_ISS_like,1.0,34,67.06666666666666,0.7172972983075266,0.7139561912003453,0.7172972983075266,0.28604380879965474,0.4585452046028035
LEO_ISS_like,1.0,35,67.06666666666666,0.7172972983075266,0.7071325399208751,0.7172972983075266,0.2928674600791249,0.4626393953704856
LEO_ISS_like,1.0,36,67.06666666666666,0.7172972983075266,0.7004027783946537,0.7172972983075266,0.2995972216053463,0.4666772522862185
LEO_ISS_like,1.0,37,67.06666666666666,0.7172972983075266,0.6937656147494262,0.7172972983075266,0.3062343852505738,0.47065955047335495
LEO_ISS_like,1.0,38,67.06666666666666,0.7172972983075266,0.6872197748884016,0.7172972983075266,0.3127802251115984,0.47458705438996973
LEO_ISS_like,1.0,39,67.06666666666666,0.7172972983075266,0.680764002245672,0.7172972983075266,0.319235997754328,0.47846051797560746
LEO_ISS_like,1.0,40,67.06666666666666,0.7172972983075266,0.6743970575449975,0.7172972983075266,0.32560294245500254,0.48228068479601216
LEO_ISS_like,1.0,41,67.06666666666666,0.7172972983075266,0.6681177185619089,0.7172972983075266,0.33188228143809106,0.4860482881858653
LEO_ISS_like,1.0,42,67.06666666666666,0.7172972983075266,0.6619247798890855,0.7172972983075266,0.3380752201109145,0.48976405138955936
LEO_ISS_like,1.0,43,67.06666666666666,0.7172972983075266,0.6558170527049596,0.7172972983075266,0.3441829472950404,0.4934286877000349
LEO_ISS_like,1.0,44,67.06666666666666,0.7172972983075266,0.6497933645455056,0.7172972983075266,0.3502066354544944,0.4970429005957073
LEO_ISS_like,1.0,45,67.06666666666666,0.7172972983075266,0.6438525590791694,0.7172972983075266,0.3561474409208306,0.5006073838755091
LEO_ISS_like,1.0,46,67.06666666666666,0.7172972983075266,0.6379934958848937,0.7172972983075266,0.36200650411510626,0.5041228217920745
LEO_ISS_like,1.0,47,67.06666666666666,0.7172972983075266,0.6322150502331989,0.7172972983075266,0.3677849497668011,0.5075898891830913
LEO_ISS_like,1.0,48,67.06666666666666,0.7172972983075266,0.6265161128702749,0.7172972983075266,0.37348388712972513,0.5110092516008458
LEO_ISS_like,1.0,49,67.06666666666666,0.7172972983075266,0.6208955898050443,0.7172972983075266,0.37910441019495567,0.514381565439984
LEO_ISS_like,1.0,50,67.06666666666666,0.7172972983075266,0.615352402099156,0.7172972983075266,0.384647597900844,0.5177074780635171
LEO_ISS_like,1.0,51,67.06666666666666,0.7172972983075266,0.6098854856598669,0.7172972983075266,0.3901145143401331,0.5209876279270905
LEO_ISS_like,1.0,52,67.06666666666666,0.7172972983075266,0.6044937910357754,0.7172972983075266,0.3955062089642246,0.5242226447015454
LEO_ISS_like,1.0,53,67.06666666666666,0.7172972983075266,0.5991762832153635,0.7172972983075266,0.40082371678463646,0.5274131493937926
LEO_ISS_like,1.0,54,67.06666666666666,0.7172972983075266,0.5939319414283125,0.7172972983075266,0.4060680585716875,0.5305597544660232
LEO_ISS_like,1.0,55,67.06666666666666,0.7172972983075266,0.5887597589495515,0.7172972983075266,0.41124024105044854,0.5336630639532798
LEO_ISS_like,1.0,56,67.06666666666666,0.7172972983075266,0.5836587429060023,0.7172972983075266,0.4163412570939977,0.5367236735794093
LEO_ISS_like,1.0,57,67.06666666666666,0.7172972983075266,0.5786279140859837,0.7172972983075266,0.4213720859140163,0.5397421708714205
LEO_ISS_like,1.0,58,67.06666666666666,0.7172972983075266,0.5736663067512378,0.7172972983075266,0.42633369324876225,0.542719135272268
LEO_ISS_like,1.0,59,67.06666666666666,0.7172972983075266,0.5687729684515432,0.7172972983075266,0.43122703154845676,0.5456551382520847
LEO_ISS_like,1.0,60,67.06666666666666,0.7172972983075266,0.5639469598418789,0.7172972983075266,0.4360530401581211,0.5485507434178833
LEO_ISS_like,1.0,61,67.06666666666666,0.7172972983075266,0.5591873545021034,0.7172972983075266,0.44081264549789656,0.5514065066217486
LEO_ISS_like,1.0,62,67.06666666666666,0.7172972983075266,0.5544932387591157,0.7172972983075266,0.4455067612408843,0.5542229760675412
LEO_ISS_like,1.0,63,67.06666666666666,0.7172972983075266,0.5498637115114628,0.7172972983075266,0.45013628848853715,0.5570006924161329
LEO_ISS_like,1.0,64,67.06666666666666,0.7172972983075266,0.5452978840563606,0.7172972983075266,0.4547021159436394,0.5597401888891943
LEO_ISS_like,1.0,65,67.06666666666666,0.7172972983075266,0.5407948799190949,0.7172972983075266,0.4592051200809051,0.5624419913715537
LEO_ISS_like,1.0,66,67.06666666666666,0.7172972983075266,0.5363538346847699,0.7172972983075266,0.46364616531523006,0.5651066185121487
LEO_ISS_like,1.0,67,67.06666666666666,0.7172972983075266,0.5319738958323716,0.7172972983075266,0.46802610416762835,0.5677345818235877
LEO_ISS_like,1.0,68,67.06666666666666,0.7172972983075266,0.5276542225711142,0.7172972983075266,0.47234577742888584,0.5703263857803422
LEO_ISS_like,1.0,69,67.06666666666666,0.7172972983075266,0.5233939856790385,0.7172972983075266,0.4766060143209615,0.5728825279155876
LEO_ISS_like,1.0,70,67.06666666666666,0.7172972983075266,0.5191923673438317,0.7172972983075266,0.4808076326561683,0.5754034989167116
LEO_ISS_like,1.0,71,67.06666666666666,0.7172972983075266,0.5150485610058358,0.7172972983075266,0.48495143899416415,0.5778897827195091
LEO_ISS_like,1.0,72,67.06666666666666,0.7172972983075266,0.5109617712032184,0.7172972983075266,0.4890382287967816,0.5803418566010796
LEO_ISS_like,1.0,73,67.06666666666666,0.7172972983075266,0.5069312134192713,0.7172972983075266,0.4930687865807287,0.582760191271448
LEO_ISS_like,1.0,74,67.06666666666666,0.7172972983075266,0.5029561139318125,0.7172972983075266,0.4970438860681875,0.5851452509639232
LEO_ISS_like,1.0,75,67.06666666666666,0.7172972983075266,0.49903570966465893,0.7172972983075266,0.5009642903353411,0.5874974935242153
LEO_ISS_like,1.0,76,67.06666666666666,0.7172972983075266,0.4951692480411434,0.7172972983075266,0.5048307519588566,0.5898173704983246
LEO_ISS_like,1.0,77,67.06666666666666,0.7172972983075266,0.4913559868396467,0.7172972983075266,0.5086440131603533,0.5921053272192227
LEO_ISS_like,1.0,78,67.06666666666666,0.7172972983075266,0.4875951940511182,0.7172972983075266,0.5124048059488818,0.5943618028923398
LEO_ISS_like,1.0,79,67.06666666666666,0.7172972983075266,0.4838861477385558,0.7172972983075266,0.5161138522614441,0.5965872306798772
LEO_ISS_like,1.0,80,67.06666666666666,0.7172972983075266,0.4802281358984206,0.7172972983075266,0.5197718641015794,0.5987820377839583
LEO_ISS_like,1.0,81,67.06666666666666,0.7172972983075266,0.4766204563239574,0.7172972983075266,0.5233795436760427,0.6009466455286363
LEO_ISS_like,1.0,82,67.06666666666666,0.7172972983075266,0.4730624164703964,0.7172972983075266,0.5269375835296036,0.6030814694407729
LEO_ISS_like,1.0,83,67.06666666666666,0.7172972983075266,0.4695533333220095,0.7172972983075266,0.5304466666779906,0.605186919329805
LEO_ISS_like,1.0,84,67.06666666666666,0.7172972983075266,0.4660925332609959,0.7172972983075266,0.533907466739004,0.607263399366413
LEO_ISS_like,1.0,85,67.06666666666666,0.7172972983075266,0.46267935193817156,0.7172972983075266,0.5373206480618284,0.6093113081601077
LEO_ISS_like,1.0,86,67.06666666666666,0.7172972983075266,0.4593131341454381,0.7172972983075266,0.5406868658545618,0.6113310388357478
LEO_ISS_like,1.0,87,67.06666666666666,0.7172972983075266,0.45599323369000655,0.7172972983075266,0.5440067663099935,0.6133229791090067
LEO_ISS_like,1.0,88,67.06666666666666,0.7172972983075266,0.4527190132703512,0.7172972983075266,0.5472809867296489,0.6152875113608
LEO_ISS_like,1.0,89,67.06666666666666,0.7172972983075266,0.44948984435387107,0.7172972983075266,0.5505101556461289,0.617225012710688
LEO_ISS_like,1.0,90,67.06666666666666,0.7172972983075266,0.44630510705623394,0.7172972983075266,0.5536948929437661,0.6191358550892703
LEO_ISS_like,1.0,91,67.06666666666666,0.7172972983075266,0.44316419002238094,0.7172972983075266,0.5568358099776191,0.621020405309582
LEO_ISS_like,1.0,92,67.06666666666666,0.7172972983075266,0.44006649030916833,0.7172972983075266,0.5599335096908317,0.6228790251375096
LEO_ISS_like,1.0,93,67.06666666666666,0.7172972983075266,0.4370114132696242,0.7172972983075266,0.5629885867303758,0.6247120713612362
LEO_ISS_like,1.0,94,67.06666666666666,0.7172972983075266,0.4339983724387975,0.7172972983075266,0.5660016275612025,0.6265198958597322
LEO_ISS_like,1.0,95,67.06666666666666,0.7172972983075266,0.43102678942117795,0.7172972983075266,0.5689732105788221,0.6283028456703039
LEO_ISS_like,1.0,96,67.06666666666666,0.7172972983075266,0.42809609377966473,0.7172972983075266,0.5719039062203353,0.6300612630552118
LEO_ISS_like,1.0,97,67.06666666666666,0.7172972983075266,0.42520572292606335,0.7172972983075266,0.5747942770739367,0.6317954855673726
LEO_ISS_like,1.0,98,67.06666666666666,0.7172972983075266,0.42235512201308867,0.7172972983075266,0.5776448779869113,0.6335058461151575
LEO_ISS_like,1.0,99,67.06666666666666,0.7172972983075266,0.41954374382785437,0.7172972983075266,0.5804562561721456,0.635192673026298
LEO_ISS_like,1.0,100,67.06666666666666,0.7172972983075266,0.4167710486868276,0.7172972983075266,0.5832289513131723,0.636856290110914
LEO_ISS_like,1.0,101,67.06666666666666,0.7172972983075266,0.4140365043322293,0.7172972983075266,0.5859634956677706,0.638497016723673
LEO_ISS_like,1.0,102,67.06666666666666,0.7172972983075266,0.41133958582985963,0.7172972983075266,0.5886604141701404,0.6401151678250949
LEO_ISS_like,1.0,103,67.06666666666666,0.7172972983075266,0.4086797754683296,0.7172972983075266,0.5913202245316704,0.6417110540420129
LEO_ISS_like,1.0,104,67.06666666666666,0.7172972983075266,0.40605656265967927,0.7172972983075266,0.5939434373403207,0.643284981727203
LEO_ISS_like,1.0,105,67.06666666666666,0.7172972983075266,0.4034694438413628,0.7172972983075266,0.5965305561586371,0.644837253018193
LEO_ISS_like,1.0,106,67.06666666666666,0.7172972983075266,0.40091792237958296,0.7172972983075266,0.5990820776204171,0.6463681658952609
LEO_ISS_like,1.0,107,67.06666666666666,0.7172972983075266,0.3984015084739551,0.7172972983075266,0.6015984915260448,0.6478780142386376
LEO_ISS_like,1.0,108,67.06666666666666,0.7172972983075266,0.39591971906348306,0.7172972983075266,0.6040802809365169,0.6493670878849208
LEO_ISS_like,1.0,109,67.06666666666666,0.7172972983075266,0.3934720777338289,0.7172972983075266,0.606527922266171,0.6508356726827133
LEO_ISS_like,1.0,110,67.06666666666666,0.7172972983075266,0.39105811462585854,0.7172972983075266,0.6089418853741415,0.6522840505474956
LEO_ISS_like,1.0,111,67.06666666666666,0.7172972983075266,0.38867736634544553,0.7172972983075266,0.6113226336545545,0.6537124995157434
LEO_ISS_like,1.0,112,67.06666666666666,0.7172972983075266,0.3863293758745161,0.7172972983075266,0.6136706241254839,0.655121293798301
LEO_ISS_like,1.0,113,67.06666666666666,0.7172972983075266,0.3840136924833182,0.7172972983075266,0.6159863075166818,0.6565107038330198
LEO_ISS_like,1.0,114,67.06666666666666,0.7172972983075266,0.3817298716438975,0.7172972983075266,0.6182701283561025,0.6578809963366722
LEO_ISS_like,1.0,115,67.06666666666666,0.7172972983075266,0.3794774749447641,0.7172972983075266,0.620522525055236,0.6592324343561522
LEO_ISS_like,1.0,116,67.06666666666666,0.7172972983075266,0.37725607000673317,0.7172972983075266,0.6227439299932669,0.6605652773189707
LEO_ISS_like,1.0,117,67.06666666666666,0.7172972983075266,0.3750652303999238,0.7172972983075266,0.6249347696000762,0.6618797810830563
LEO_ISS_like,1.0,118,67.06666666666666,0.7172972983075266,0.3729045355618997,0.7172972983075266,0.6270954644381004,0.6631761979858709
LEO_ISS_like,1.0,119,67.06666666666666,0.7172972983075266,0.3707735707169364,0.7172972983075266,0.6292264292830636,0.6644547768928488
LEO_ISS_like,1.0,120,67.06666666666666,0.7172972983075266,0.3686719267963992,0.7172972983075266,0.6313280732036008,0.6657157632451711
LEO_ISS_like,1.0,121,67.06666666666666,0.7172972983075266,0.3665992003602167,0.7172972983075266,0.6334007996397832,0.6669593991068806
LEO_ISS_like,1.0,122,67.06666666666666,0.7172972983075266,0.3645549935194348,0.7172972983075266,0.6354450064805652,0.6681859232113498
LEO_ISS_like,1.0,123,67.06666666666666,0.7172972983075266,0.3625389138598364,0.7172972983075266,0.6374610861401636,0.6693955710071089
LEO_ISS_like,1.0,124,67.06666666666666,0.7172972983075266,0.3605505743666118,0.7172972983075266,0.6394494256333882,0.6705885747030436
LEO_ISS_like,1.0,125,67.06666666666666,0.7172972983075266,0.358589593350066,0.7172972983075266,0.641410406649934,0.6717651633129711
LEO_ISS_like,1.0,126,67.06666666666666,0.7172972983075266,0.35665559437234784,0.7172972983075266,0.6433444056276522,0.672925562699602
LEO_ISS_like,1.0,127,67.06666666666666,0.7172972983075266,0.35474820617518754,0.7172972983075266,0.6452517938248125,0.6740699956178982
LEO_ISS_like,1.0,128,67.06666666666666,0.7172972983075266,0.35286706260862843,0.7172972983075266,0.6471329373913716,0.6751986817578336
LEO_ISS_like,1.0,129,67.06666666666666,0.7172972983075266,0.3510118025607393,0.7172972983075266,0.6489881974392606,0.676311837786567
LEO_ISS_like,1.0,130,67.06666666666666,0.7172972983075266,0.34918206988829403,0.7172972983075266,0.650817930111706,0.6774096773900342
LEO_ISS_like,1.0,131,67.06666666666666,0.7172972983075266,0.3473775133484046,0.7172972983075266,0.6526224866515954,0.6784924113139679
LEO_ISS_like,1.0,132,67.06666666666666,0.7172972983075266,0.3455977865310954,0.7172972983075266,0.6544022134689046,0.6795602474043534
LEO_ISS_like,1.0,133,67.06666666666666,0.7172972983075266,0.3438425477928049,0.7172972983075266,0.6561574522071951,0.6806133906473277
LEO_ISS_like,1.0,134,67.06666666666666,0.7172972983075266,0.34211146019080213,0.7172972983075266,0.6578885398091978,0.6816520432085293
LEO_ISS_like,1.0,135,67.06666666666666,0.7172972983075266,0.34040419141850614,0.7172972983075266,0.6595958085814939,0.682676404471907
LEO_ISS_like,1.0,136,67.06666666666666,0.7172972983075266,0.3387204137416948,0.7172972983075266,0.6612795862583052,0.6836866710779937
LEO_ISS_like,1.0,137,67.06666666666666,0.7172972983075266,0.3370598039355919,0.7172972983075266,0.6629401960644081,0.6846830369616556
LEO_ISS_like,1.0,138,67.06666666666666,0.7172972983075266,0.3354220432228191,0.7172972983075266,0.6645779567771809,0.6856656933893193
LEO_ISS_like,1.0,139,67.06666666666666,0.7172972983075266,0.33380681721220284,0.7172972983075266,0.6661931827877972,0.686634828995689
LEO_ISS_like,1.0,140,67.06666666666666,0.7172972983075266,0.332213815838422,0.7172972983075266,0.667786184161578,0.6875906298199574
LEO_ISS_like,1.0,141,67.06666666666666,0.7172972983075266,0.3306427333024867,0.7172972983075266,0.6693572666975133,0.6885332793415186
LEO_ISS_like,1.0,142,67.06666666666666,0.7172972983075266,0.3290932680130359,0.7172972983075266,0.6709067319869642,0.6894629585151891
LEO_ISS_like,1.0,143,67.06666666666666,0.7172972983075266,0.3275651225284426,0.7172972983075266,0.6724348774715574,0.6903798458059451
LEO_ISS_like,1.0,144,67.06666666666666,0.7172972983075266,0.3260580034997159,0.7172972983075266,0.6739419965002841,0.6912841172231812
LEO_ISS_like,1.0,145,67.06666666666666,0.7172972983075266,0.3245716216141884,0.7172972983075266,0.6754283783858116,0.6921759463544976
LEO_ISS_like,1.0,146,67.06666666666666,0.7172972983075266,0.3231056915399786,0.7172972983075266,0.6768943084600214,0.6930555043990235
LEO_ISS_like,1.0,147,67.06666666666666,0.7172972983075266,0.3216599318712175,0.7172972983075266,0.6783400681287826,0.6939229602002802
LEO_ISS_like,1.0,148,67.06666666666666,0.7172972983075266,0.32023406507402874,0.7172972983075266,0.6797659349259713,0.6947784802785935
LEO_ISS_like,1.0,149,67.06666666666666,0.7172972983075266,0.3188278174332521,0.7172972983075266,0.6811721825667478,0.6956222288630594
LEO_ISS_like,1.0,150,67.06666666666666,0.7172972983075266,0.3174409189999,0.7172972983075266,0.6825590810001,0.6964543679230706
LEO_ISS_like,1.0,151,67.06666666666666,0.7172972983075266,0.316073103539337,0.7172972983075266,0.6839268964606631,0.6972750571994085
LEO_ISS_like,1.0,152,67.06666666666666,0.7172972983075266,0.31472410848017235,0.7172972983075266,0.6852758915198276,0.6980844542349072
LEO_ISS_like,1.0,153,67.06666666666666,0.7172972983075266,0.3133936748638557,0.7172972983075266,0.6866063251361443,0.6988827144046972
LEO_ISS_like,1.0,154,67.06666666666666,0.7172972983075266,0.3120815472949665,0.7172972983075266,0.6879184527050335,0.6996699909460308
LEO_ISS_like,1.0,155,67.06666666666666,0.7172972983075266,0.3107874738921869,0.7172972983075266,0.689212526107813,0.7004464349876984
LEO_ISS_like,1.0,156,67.06666666666666,0.7172972983075266,0.30951120623995004,0.7172972983075266,0.6904887937600499,0.7012121955790406
LEO_ISS_like,1.0,157,67.06666666666666,0.7172972983075266,0.3082524993407529,0.7172972983075266,0.6917475006592471,0.7019674197185589
LEO_ISS_like,1.0,158,67.06666666666666,0.7172972983075266,0.30701111156812566,0.7172972983075266,0.6929888884318743,0.7027122523821352
LEO_ISS_like,1.0,159,67.06666666666666,0.7172972983075266,0.30578680462024815,0.7172972983075266,0.6942131953797519,0.7034468365508618
LEO_ISS_like,1.0,160,67.06666666666666,0.7172972983075266,0.30457934347420446,0.7172972983075266,0.6954206565257955,0.7041713132384879
LEO_ISS_like,1.0,161,67.06666666666666,0.7172972983075266,0.30338849634086695,0.7172972983075266,0.696611503659133,0.7048858215184906
LEO_ISS_like,1.0,162,67.06666666666666,0.7172972983075266,0.30221403462040103,0.7172972983075266,0.697785965379599,0.70559049855077
LEO_ISS_like,1.0,163,67.06666666666666,0.7172972983075266,0.3010557328583824,0.7172972983075266,0.6989442671416176,0.7062854796079812
LEO_ISS_like,1.0,164,67.06666666666666,0.7172972983075266,0.2999133687025176,0.7172972983075266,0.7000866312974824,0.7069708981015002
LEO_ISS_like,1.0,165,67.06666666666666,0.7172972983075266,0.29878672285996066,0.7172972983075266,0.7012132771400393,0.7076468856070343
LEO_ISS_like,1.0,166,67.06666666666666,0.7172972983075266,0.29767557905521663,0.7172972983075266,0.7023244209447834,0.7083135718898808
LEO_ISS_like,1.0,167,67.06666666666666,0.7172972983075266,0.2965797239886245,0.7172972983075266,0.7034202760113755,0.708971084929836
LEO_ISS_like,1.0,168,67.06666666666666,0.7172972983075266,0.2954989472954111,0.7172972983075266,0.704501052704589,0.709619550945764
LEO_ISS_like,1.0,169,67.06666666666666,0.7172972983075266,0.29443304150530913,0.7172972983075266,0.7055669584946909,0.7102590944198252
LEO_ISS_like,1.0,170,67.06666666666666,0.7172972983075266,0.29338180200272984,0.7172972983075266,0.7066181979972701,0.7108898381213727
LEO_ISS_like,1.0,171,67.06666666666666,0.7172972983075266,0.2923450269874844,0.7172972983075266,0.7076549730125157,0.71151190313052
LEO_ISS_like,1.0,172,67.06666666666666,0.7172972983075266,0.2913225174360455,0.7172972983075266,0.7086774825639546,0.7121254088613834
LEO_ISS_like,1.0,173,67.06666666666666,0.7172972983075266,0.290314077063342,0.7172972983075266,0.709685922936658,0.7127304730850055
LEO_ISS_like,1.0,174,67.06666666666666,0.7172972983075266,0.2893195122850793,0.7172972983075266,0.7106804877149207,0.713327211951963
LEO_ISS_like,1.0,175,67.06666666666666,0.7172972983075266,0.288338632180578,0.7172972983075266,0.711661367819422,0.7139157400146638
LEO_ISS_like,1.0,176,67.06666666666666,0.7172972983075266,0.287371248456124,0.7172972983075266,0.7126287515438761,0.7144961702493363
LEO_ISS_like,1.0,177,67.06666666666666,0.7172972983075266,0.28641717540882305,0.7172972983075266,0.713582824591177,0.7150686140777168
LEO_ISS_like,1.0,178,67.06666666666666,0.7172972983075266,0.2854762298909523,0.7172972983075266,0.7145237701090477,0.7156331813884392
LEO_ISS_like,1.0,179,67.06666666666666,0.7172972983075266,0.28454823127480244,0.7172972983075266,0.7154517687251976,0.7161899805581292
LEO_ISS_like,1.0,180,67.06666666666666,0.7172972983075266,0.283633001418004,0.7172972983075266,0.716366998581996,0.7167391184722083
LEO_ISS_like,2.0,0,24.712777777777774,0.0,1.0,0.0,0.0,0.0
LEO_ISS_like,2.0,1,24.712777777777774,0.30974326208814507,1.0,0.30974326208814507,0.0,0.12389730483525803
LEO_ISS_like,2.0,2,24.712777777777774,0.44610982024524853,0.9953538510686778,0.44610982024524853,0.004646148931322203,0.18123161745689273
LEO_ISS_like,2.0,3,24.712777777777774,0.5061461162997621,0.9887072326017619,0.5061461162997621,0.011292767398238146,0.20923410695884775
LEO_ISS_like,2.0,4,24.712777777777774,0.5325775001570328,0.9812346560148736,0.5325775001570328,0.018765343985126415,0.22429020645388897
LEO_ISS_like,2.0,5,24.712777777777774,0.5442140949925307,0.9734521995443113,0.5442140949925307,0.02654780045568872,0.23361431827042553
LEO_ISS_like,2.0,6,24.712777777777774,0.549337184275209,0.965585346828776,0.549337184275209,0.03441465317122405,0.24038366561281804
LEO_ISS_like,2.0,7,24.712777777777774,0.5515926588508321,0.9577321117542248,0.5515926588508321,0.04226788824577521,0.245997796487798
LEO_ISS_like,2.0,8,24.712777777777774,0.552585646729939,0.949934745389122,0.552585646729939,0.05006525461087796,0.2510734114585024
LEO_ISS_like,2.0,9,24.712777777777774,0.5530228163343807,0.9422111365684733,0.5530228163343807,0.05778886343152667,0.2558824445926683
LEO_ISS_like,2.0,10,24.712777777777774,0.5532152831983463,0.9345685393138672,0.5532152831983463,0.06543146068613281,0.26054498969101825
LEO_ISS_like,2.0,11,24.712777777777774,0.553300018032032,0.9270095697087538,0.553300018032032,0.07299043029124619,0.2651142653875605
LEO_ISS_like,2.0,12,24.712777777777774,0.5533373231134979,0.9195348248250917,0.5533373231134979,0.08046517517490825,0.26961403435034414
LEO_ISS_like,2.0,13,24.712777777777774,0.5533537469269717,0.9121440262734412,0.5533537469269717,0.08785597372655884,0.274055083006724
LEO_ISS_like,2.0,14,24.712777777777774,0.5533609776215158,0.9048365194744888,0.5533609776215158,0.09516348052551116,0.27844247936391303
LEO_ISS_like,2.0,15,24.712777777777774,0.5533641609835086,0.8976114916010046,0.5533641609835086,0.10238850839899538,0.28277876943280067
LEO_ISS_like,2.0,16,24.712777777777774,0.5533655624800751,0.8904680666771174,0.5533655624800751,0.10953193332288258,0.2870653849857596
LEO_ISS_like,2.0,17,24.712777777777774,0.5533661794983816,0.8834053470382761,0.5533661794983816,0.11659465296172389,0.291303263576387
LEO_ISS_like,2.0,18,24.712777777777774,0.5533664511448485,0.8764224313695761,0.5533664511448485,0.1235775686304239,0.2954931216361938
LEO_ISS_like,2.0,19,24.712777777777774,0.553366570739036,0.8695184225172066,0.553366570739036,0.13048157748279343,0.29963557478529046
LEO_ISS_like,2.0,20,24.712777777777774,0.5533666233911827,0.8626924308347135,0.5533666233911827,0.13730756916528652,0.303731190855645
LEO_ISS_like,2.0,21,24.712777777777774,0.5533666465716451,0.8559435755800673,0.5533666465716451,0.14405642441993272,0.30778051328061773
LEO_ISS_like,2.0,22,24.712777777777774,0.5533666567769999,0.8492709854622278,0.5533666567769999,0.1507290145377722,0.3117840714334633
LEO_ISS_like,2.0,23,24.712777777777774,0.5533666612699761,0.842673798816997,0.5533666612699761,0.157326201183003,0.31574238521779224
LEO_ISS_like,2.0,24,24.712777777777774,0.5533666632480392,0.8361511636216803,0.5533666632480392,0.1638488363783197,0.3196559671262075
LEO_ISS_like,2.0,25,24.712777777777774,0.5533666641188948,0.8297022374400508,0.5533666641188948,0.17029776255994922,0.32352532318352745
LEO_ISS_like,2.0,26,24.712777777777774,0.5533666645022948,0.8233261873375679,0.5533666645022948,0.1766738126624321,0.32735095339837716
LEO_ISS_like,2.0,27,24.712777777777774,0.5533666646710892,0.8170221897842895,0.5533666646710892,0.18297781021571047,0.331133351997862
LEO_ISS_like,2.0,28,24.712777777777774,0.5533666647454021,0.8107894305530886,0.5533666647454021,0.1892105694469114,0.33487300756630767
LEO_ISS_like,2.0,29,24.712777777777774,0.5533666647781188,0.8046271046164896,0.5533666647781188,0.19537289538351044,0.3385704031413538
LEO_ISS_like,2.0,30,24.712777777777774,0.5533666647925226,0.7985344160435646,0.5533666647925226,0.20146558395643543,0.3422260162908703
LEO_ISS_like,2.0,31,24.712777777777774,0.553366664798864,0.7925105778975128,0.553366664798864,0.20748942210248722,0.3458403191810379
LEO_ISS_like,2.0,32,24.712777777777774,0.5533666648016557,0.7865548121341858,0.5533666648016557,0.21344518786581423,0.3494137786401509
LEO_ISS_like,2.0,33,24.712777777777774,0.5533666648028849,0.7806663495016674,0.5533666648028849,0.21933365049833264,0.35294685622015354
LEO_ISS_like,2.0,34,24.712777777777774,0.553366664803426,0.7748444294409487,0.553366664803426,0.22515557055905133,0.3564400082568012
LEO_ISS_like,2.0,35,24.712777777777774,0.5533666648036643,0.769088299987707,0.5533666648036643,0.230911700012293,0.3598936859288415
LEO_ISS_like,2.0,36,24.712777777777774,0.5533666648037692,0.7633972176751881,0.5533666648037692,0.2366027823248119,0.36330833531639484
LEO_ISS_like,2.0,37,24.712777777777774,0.5533666648038154,0.7577704474381816,0.5533666648038154,0.24222955256181844,0.36668439745861725
LEO_ISS_like,2.0,38,24.712777777777774,0.5533666648038357,0.7522072625180806,0.5533666648038357,0.24779273748191943,0.37002230841068595
LEO_ISS_like,2.0,39,24.712777777777774,0.5533666648038447,0.7467069443690135,0.5533666648038447,0.2532930556309865,0.37332249930012973
LEO_ISS_like,2.0,40,24.712777777777774,0.5533666648038486,0.7412687825650363,0.5533666648038486,0.25873121743496375,0.37658539638251765
LEO_ISS_like,2.0,41,24.712777777777774,0.5533666648038503,0.7358920747083728,0.5533666648038503,0.2641079252916272,0.37981142109651644
LEO_ISS_like,2.0,42,24.712777777777774,0.5533666648038511,0.7305761263386933,0.5533666648038511,0.2694238736613067,0.38300099011832445
LEO_ISS_like,2.0,43,24.712777777777774,0.5533666648038514,0.7253202508434168,0.5533666648038514,0.2746797491565832,0.3861545154154905
LEO_ISS_like,2.0,44,24.712777777777774,0.5533666648038515,0.7201237693690278,0.5533666648038515,0.2798762306309722,0.38927240430012394
LEO_ISS_like,2.0,45,24.712777777777774,0.5533666648038515,0.714986010733395,0.5533666648038515,0.28501398926660504,0.3923550594815036
LEO_ISS_like,2.0,46,24.712777777777774,0.5533666648038515,0.7099063113390806,0.5533666648038515,0.29009368866091945,0.39540287911809224
LEO_ISS_like,2.0,47,24.712777777777774,0.5533666648038515,0.7048840150876297,0.5533666648038515,0.29511598491237034,0.3984162568689628
LEO_ISS_like,2.0,48,24.712777777777774,0.5533666648038515,0.6999184732948279,0.5533666648038515,0.3000815267051721,0.40139558194464386
LEO_ISS_like,2.0,49,24.712777777777774,0.5533666648038515,0.695009044606917,0.5533666648038515,0.30499095539308296,0.4043412391573904
LEO_ISS_like,2.0,50,24.712777777777774,0.5533666648038515,0.6901550949177566,0.5533666648038515,0.3098449050822434,0.40725360897088664
LEO_ISS_like,2.0,51,24.712777777777774,0.5533666648038515,0.685355997286923,0.5533666648038515,0.314644002713077,0.41013306754938683
LEO_ISS_like,2.0,52,24.712777777777774,0.5533666648038515,0.6806111318587325,0.5533666648038515,0.31938886814126755,0.4129799868063011
LEO_ISS_like,2.0,53,24.712777777777774,0.5533666648038515,0.6759198857821807,0.5533666648038515,0.32408011421781935,0.41579473445223225
LEO_ISS_like,2.0,54,24.712777777777774,0.5533666648038515,0.6712816531317858,0.5533666648038515,0.3287183468682142,0.41857767404246915
LEO_ISS_like,2.0,55,24.712777777777774,0.5533666648038515,0.6666958348293271,0.5533666648038515,0.33330416517067285,0.42132916502394435
LEO_ISS_like,2.0,56,24.712777777777774,0.5533666648038515,0.6621618385664673,0.5533666648038515,0.33783816143353274,0.4240495627816603
LEO_ISS_like,2.0,57,24.712777777777774,0.5533666648038515,0.6576790787282492,0.5533666648038515,0.34232092127175084,0.4267392186845911
LEO_ISS_like,2.0,58,24.712777777777774,0.5533666648038515,0.6532469763174575,0.5533666648038515,0.34675302368254246,0.4293984801310661
LEO_ISS_like,2.0,59,24.712777777777774,0.5533666648038515,0.6488649588798353,0.5533666648038515,0.3511350411201647,0.43202769059363944
LEO_ISS_like,2.0,60,24.712777777777774,0.5533666648038515,0.6445324604301444,0.5533666648038515,0.35546753956985555,0.43462718966345393
LEO_ISS_like,2.0,61,24.712777777777774,0.5533666648038515,0.6402489213790633,0.5533666648038515,0.3597510786209367,0.4371973130941026
LEO_ISS_like,2.0,62,24.712777777777774,0.5533666648038515,0.6360137884609092,0.5533666648038515,0.36398621153909083,0.4397383928449951
LEO_ISS_like,2.0,63,24.712777777777774,0.5533666648038515,0.6318265146621783,0.5533666648038515,0.3681734853378217,0.4422507571242336
LEO_ISS_like,2.0,64,24.712777777777774,0.5533666648038515,0.627686559150893,0.5533666648038515,0.372313440849107,0.4447347304310048
LEO_ISS_like,2.0,65,24.712777777777774,0.5533666648038515,0.6235933872067473,0.5533666648038515,0.3764066127932527,0.4471906335974922
LEO_ISS_like,2.0,66,24.712777777777774,0.5533666648038515,0.619546470152042,0.5533666648038515,0.380453529847958,0.4496187838303154
LEO_ISS_like,2.0,67,24.712777777777774,0.5533666648038515,0.6155452852834004,0.5533666648038515,0.38445471471659964,0.4520194947515004
LEO_ISS_like,2.0,68,24.712777777777774,0.5533666648038515,0.611589315804255,0.5533666648038515,0.388410684195745,0.45439307643898763
LEO_ISS_like,2.0,69,24.712777777777774,0.5533666648038515,0.6076780507580982,0.5533666648038515,0.3923219492419018,0.4567398354666817
LEO_ISS_like,2.0,70,24.712777777777774,0.5533666648038515,0.6038109849624862,0.5533666648038515,0.3961890150375138,0.4590600749440489
LEO_ISS_like,2.0,71,24.712777777777774,0.5533666648038515,0.5999876189437895,0.5533666648038515,0.4000123810562105,0.4613540945552669
LEO_ISS_like,2.0,72,24.712777777777774,0.5533666648038515,0.5962074588726802,0.5533666648038515,0.40379254112731977,0.46362219059793247
LEO_ISS_like,2.0,73,24.712777777777774,0.5533666648038515,0.5924700165003489,0.5533666648038515,0.4075299834996511,0.46586465602133126
LEO_ISS_like,2.0,74,24.712777777777774,0.5533666648038515,0.5887748090954417,0.5533666648038515,0.41122519090455834,0.4680817804642756
LEO_ISS_like,2.0,75,24.712777777777774,0.5533666648038515,0.5851213593817103,0.5533666648038515,0.4148786406182897,0.47027385029251445
LEO_ISS_like,2.0,76,24.712777777777774,0.5533666648038515,0.5815091954763668,0.5533666648038515,0.4184908045236332,0.4724411486357205
LEO_ISS_like,2.0,77,24.712777777777774,0.5533666648038515,0.5779378508291348,0.5533666648038515,0.42206214917086515,0.4745839554240597
LEO_ISS_like,2.0,78,24.712777777777774,0.5533666648038515,0.574406864161989,0.5533666648038515,0.42559313583801095,0.4767025474243472
LEO_ISS_like,2.0,79,24.712777777777774,0.5533666648038515,0.5709157794095767,0.5533666648038515,0.4290842205904233,0.4787971982757946
LEO_ISS_like,2.0,80,24.712777777777774,0.5533666648038515,0.5674641456603114,0.5533666648038515,0.43253585433968855,0.48086817852535374
LEO_ISS_like,2.0,81,24.712777777777774,0.5533666648038515,0.5640515170981333,0.5533666648038515,0.4359484829018667,0.48291575566266065
LEO_ISS_like,2.0,82,24.712777777777774,0.5533666648038515,0.5606774529449267,0.5533666648038515,0.43932254705507334,0.4849401941545846
LEO_ISS_like,2.0,83,24.712777777777774,0.5533666648038515,0.5573415174035891,0.5533666648038515,0.44265848259641094,0.4869417554793872
LEO_ISS_like,2.0,84,24.712777777777774,0.5533666648038515,0.5540432796017432,0.5533666648038515,0.44595672039825685,0.4889206981604947
LEO_ISS_like,2.0,85,24.712777777777774,0.5533666648038515,0.5507823135360849,0.5533666648038515,0.44921768646391513,0.4908772777998897
LEO_ISS_like,2.0,86,24.712777777777774,0.5533666648038515,0.5475581980173604,0.5533666648038515,0.4524418019826396,0.49281174711112435
LEO_ISS_like,2.0,87,24.712777777777774,0.5533666648038515,0.5443705166159652,0.5533666648038515,0.45562948338403475,0.49472435595196146
LEO_ISS_like,2.0,88,24.712777777777774,0.5533666648038515,0.5412188576081575,0.5533666648038515,0.45878114239184253,0.49661535135664614
LEO_ISS_like,2.0,89,24.712777777777774,0.5533666648038515,0.5381028139228794,0.5533666648038515,0.4618971860771206,0.49848497756781296
LEO_ISS_like,2.0,90,24.712777777777774,0.5533666648038515,0.5350219830891797,0.5533666648038515,0.4649780169108203,0.5003334760680328
LEO_ISS_like,2.0,91,24.712777777777774,0.5533666648038515,0.5319759671842301,0.5533666648038515,0.4680240328157699,0.5021610856110026
LEO_ISS_like,2.0,92,24.712777777777774,0.5533666648038515,0.5289643727819293,0.5533666648038515,0.4710356272180707,0.503968042252383
LEO_ISS_like,2.0,93,24.712777777777774,0.5533666648038515,0.5259868109020875,0.5533666648038515,0.47401318909791246,0.505754579380288
LEO_ISS_like,2.0,94,24.712777777777774,0.5533666648038515,0.5230428969601858,0.5533666648038515,0.4769571030398142,0.5075209277454291
LEO_ISS_like,2.0,95,24.712777777777774,0.5533666648038515,0.5201322507177022,0.5533666648038515,0.4798677492822978,0.5092673154909193
LEO_ISS_like,2.0,96,24.712777777777774,0.5533666648038515,0.5172544962330005,0.5533666648038515,0.48274550376699954,0.5109939681817404
LEO_ISS_like,2.0,97,24.712777777777774,0.5533666648038515,0.5144092618127727,0.5533666648038515,0.4855907381872273,0.512701108833877
LEO_ISS_like,2.0,98,24.712777777777774,0.5533666648038515,0.5115961799640312,0.5533666648038515,0.4884038200359688,0.5143889579431219
LEO_ISS_like,2.0,99,24.712777777777774,0.5533666648038515,0.5088148873466428,0.5533666648038515,0.4911851126533572,0.516057733513555
LEO_ISS_like,2.0,100,24.712777777777774,0.5533666648038515,0.5060650247263995,0.5533666648038515,0.49393497527360053,0.5177076510857009
LEO_ISS_like,2.0,101,24.712777777777774,0.5533666648038515,0.5033462369286194,0.5533666648038515,0.49665376307138065,0.5193389237643691
LEO_ISS_like,2.0,102,24.712777777777774,0.5533666648038515,0.5006581727922721,0.5533666648038515,0.4993418272077279,0.5209517622461773
LEO_ISS_like,2.0,103,24.712777777777774,0.5533666648038515,0.4980004851246225,0.5533666648038515,0.5019995148753775,0.5225463748467671
LEO_ISS_like,2.0,104,24.712777777777774,0.5533666648038515,0.495372830656387,0.5533666648038515,0.5046271693436131,0.5241229675277084
LEO_ISS_like,2.0,105,24.712777777777774,0.5533666648038515,0.4927748699973963,0.5533666648038515,0.5072251300026037,0.5256817439231029
LEO_ISS_like,2.0,106,24.712777777777774,0.5533666648038515,0.4902062675927599,0.5533666648038515,0.5097937324072401,0.5272229053658847
LEO_ISS_like,2.0,107,24.712777777777774,0.5533666648038515,0.4876666916795254,0.5533666648038515,0.5123333083204746,0.5287466509138254
LEO_ISS_like,2.0,108,24.712777777777774,0.5533666648038515,0.4851558142438274,0.5533666648038515,0.5148441857561725,0.5302531773752441
LEO_ISS_like,2.0,109,24.712777777777774,0.5533666648038515,0.4826733109785214,0.5533666648038515,0.5173266890214786,0.5317426793344278
LEO_ISS_like,2.0,110,24.712777777777774,0.5533666648038515,0.4802188612412956,0.5533666648038515,0.5197811387587044,0.5332153491767633
LEO_ISS_like,2.0,111,24.712777777777774,0.5533666648038515,0.4777921480132567,0.5533666648038515,0.5222078519867432,0.5346713771135865
LEO_ISS_like,2.0,112,24.712777777777774,0.5533666648038515,0.47539285785798346,0.5533666648038515,0.5246071421420165,0.5361109512067506
LEO_ISS_like,2.0,113,24.712777777777774,0.5533666648038515,0.4730206808810429,0.5533666648038515,0.5269793191189571,0.5375342573929149
LEO_ISS_like,2.0,114,24.712777777777774,0.5533666648038515,0.4706753106899639,0.5533666648038515,0.5293246893100361,0.5389414795075622
LEO_ISS_like,2.0,115,24.712777777777774,0.5533666648038515,0.46835644435466367,0.5533666648038515,0.5316435556453363,0.5403327993087423
LEO_ISS_like,2.0,116,24.712777777777774,0.5533666648038515,0.4660637823683207,0.5533666648038515,0.5339362176316793,0.5417083965005483
LEO_ISS_like,2.0,117,24.712777777777774,0.5533666648038515,0.4637970286086903,0.5533666648038515,0.5362029713913097,0.5430684487563264
LEO_ISS_like,2.0,118,24.712777777777774,0.5533666648038515,0.46155589029985733,0.5533666648038515,0.5384441097001427,0.5444131317416262
LEO_ISS_like,2.0,119,24.712777777777774,0.5533666648038515,0.45934007797442067,0.5533666648038515,0.5406599220255793,0.5457426191368882
LEO_ISS_like,2.0,120,24.712777777777774,0.5533666648038515,0.4571493054361057,0.5533666648038515,0.5428506945638942,0.5470570826598771
LEO_ISS_like,2.0,121,24.712777777777774,0.5533666648038515,0.4549832897227988,0.5533666648038515,0.5450167102772012,0.5483566920878613
LEO_ISS_like,2.0,122,24.712777777777774,0.5533666648038515,0.4528417510699995,0.5533666648038515,0.5471582489300004,0.5496416152795409
LEO_ISS_like,2.0,123,24.712777777777774,0.5533666648038515,0.4507244128746864,0.5533666648038515,0.5492755871253137,0.5509120181967289
LEO_ISS_like,2.0,124,24.712777777777774,0.5533666648038515,0.44863100165959025,0.5533666648038515,0.5513689983404098,0.5521680649257865
LEO_ISS_like,2.0,125,24.712777777777774,0.5533666648038515,0.4465612470378718,0.5533666648038515,0.5534387529621282,0.5534099176988175
LEO_ISS_like,2.0,126,24.712777777777774,0.5533666648038515,0.44451488167819825,0.5533666648038515,0.5554851183218017,0.5546377369146216
LEO_ISS_like,2.0,127,24.712777777777774,0.5533666648038515,0.4424916412702145,0.5533666648038515,0.5575083587297855,0.5558516811594119
LEO_ISS_like,2.0,128,24.712777777777774,0.5533666648038515,0.44049126449040465,0.5533666648038515,0.5595087355095953,0.5570519072272978
LEO_ISS_like,2.0,129,24.712777777777774,0.5533666648038515,0.43851349296833914,0.5533666648038515,0.5614865070316608,0.558238570140537
LEO_ISS_like,2.0,130,24.712777777777774,0.5533666648038515,0.4365580712533035,0.5533666648038515,0.5634419287466965,0.5594118231695585
LEO_ISS_like,2.0,131,24.712777777777774,0.5533666648038515,0.4346247467813039,0.5533666648038515,0.5653752532186961,0.5605718178527583
LEO_ISS_like,2.0,132,24.712777777777774,0.5533666648038515,0.4327132698424462,0.5533666648038515,0.5672867301575538,0.5617187040160729
LEO_ISS_like,2.0,133,24.712777777777774,0.5533666648038515,0.4308233935486826,0.5533666648038515,0.5691766064513174,0.5628526297923311
LEO_ISS_like,2.0,134,24.712777777777774,0.5533666648038515,0.4289548738019239,0.5533666648038515,0.5710451261980761,0.5639737416403863
LEO_ISS_like,2.0,135,24.712777777777774,0.5533666648038515,0.4271074692625112,0.5533666648038515,0.5728925307374888,0.5650821843640339
LEO_ISS_like,2.0,136,24.712777777777774,0.5533666648038515,0.4252809413180445,0.5533666648038515,0.5747190586819555,0.5661781011307139
LEO_ISS_like,2.0,137,24.712777777777774,0.5533666648038515,0.42347505405256325,0.5533666648038515,0.5765249459474368,0.5672616334900027
LEO_ISS_like,2.0,138,24.712777777777774,0.5533666648038515,0.4216895742160751,0.5533666648038515,0.5783104257839249,0.5683329213918955
LEO_ISS_like,2.0,139,24.712777777777774,0.5533666648038515,0.4199242711944293,0.5533666648038515,0.5800757288055707,0.569392103204883
LEO_ISS_like,2.0,140,24.712777777777774,0.5533666648038515,0.4181789169795303,0.5533666648038515,0.5818210830204698,0.5704393157338224
LEO_ISS_like,2.0,141,24.712777777777774,0.5533666648038515,0.41645328613988797,0.5533666648038515,0.583546713860112,0.5714746942376079
LEO_ISS_like,2.0,142,24.712777777777774,0.5533666648038515,0.4147471557915008,0.5533666648038515,0.5852528442084992,0.5724983724466401
LEO_ISS_like,2.0,143,24.712777777777774,0.5533666648038515,0.4130603055690679,0.5533666648038515,0.5869396944309321,0.5735104825800998
LEO_ISS_like,2.0,144,24.712777777777774,0.5533666648038515,0.4113925175975265,0.5533666648038515,0.5886074824024735,0.5745111553630247
LEO_ISS_like,2.0,145,24.712777777777774,0.5533666648038515,0.40974357646391085,0.5533666648038515,0.5902564235360892,0.5755005200431942
LEO_ISS_like,2.0,146,24.712777777777774,0.5533666648038515,0.40811326918952956,0.5533666648038515,0.5918867308104705,0.5764787044078229
LEO_ISS_like,2.0,147,24.712777777777774,0.5533666648038515,0.4065013852024569,0.5533666648038515,0.5934986147975432,0.5774458348000665
LEO_ISS_like,2.0,148,24.712777777777774,0.5533666648038515,0.40490771631033506,0.5533666648038515,0.5950922836896649,0.5784020361353396
LEO_ISS_like,2.0,149,24.712777777777774,0.5533666648038515,0.40333205667348415,0.5533666648038515,0.5966679433265158,0.5793474319174501
LEO_ISS_like,2.0,150,24.712777777777774,0.5533666648038515,0.40177420277831544,0.5533666648038515,0.5982257972216846,0.5802821442545514
LEO_ISS_like,2.0,151,24.712777777777774,0.5533666648038515,0.40023395341104556,0.5533666648038515,0.5997660465889545,0.5812062938749133
LEO_ISS_like,2.0,152,24.712777777777774,0.5533666648038515,0.39871110963170747,0.5533666648038515,0.6012888903682925,0.5821200001425161
LEO_ISS_like,2.0,153,24.712777777777774,0.5533666648038515,0.39720547474845525,0.5533666648038515,0.6027945252515448,0.5830233810724674
LEO_ISS_like,2.0,154,24.712777777777774,0.5533666648038515,0.39571685429215914,0.5533666648038515,0.6042831457078408,0.5839165533462451
LEO_ISS_like,2.0,155,24.712777777777774,0.5533666648038515,0.3942450559912878,0.5533666648038515,0.6057549440087122,0.5847996323267679
LEO_ISS_like,2.0,156,24.712777777777774,0.5533666648038515,0.39278988974707435,0.5533666648038515,0.6072101102529257,0.585672732073296
LEO_ISS_like,2.0,157,24.712777777777774,0.5533666648038515,0.39135116760896294,0.5533666648038515,0.6086488323910371,0.5865359653561628
LEO_ISS_like,2.0,158,24.712777777777774,0.5533666648038515,0.38992870375033306,0.5533666648038515,0.6100712962496669,0.5873894436713407
LEO_ISS_like,2.0,159,24.712777777777774,0.5533666648038515,0.3885223144444979,0.5533666648038515,0.6114776855555021,0.5882332772548419
LEO_ISS_like,2.0,160,24.712777777777774,0.5533666648038515,0.3871318180409741,0.5533666648038515,0.6128681819590259,0.5890675750969562
LEO_ISS_like,2.0,161,24.712777777777774,0.5533666648038515,0.38575703494201935,0.5533666648038515,0.6142429650579806,0.589892444956329
LEO_ISS_like,2.0,162,24.712777777777774,0.5533666648038515,0.384397787579436,0.5533666648038515,0.615602212420564,0.590707993373879
LEO_ISS_like,2.0,163,24.712777777777774,0.5533666648038515,0.3830539003916355,0.5533666648038515,0.6169460996083644,0.5915143256865593
LEO_ISS_like,2.0,164,24.712777777777774,0.5533666648038515,0.3817251998009632,0.5533666648038515,0.6182748001990368,0.5923115460409627
LEO_ISS_like,2.0,165,24.712777777777774,0.5533666648038515,0.38041151419127867,0.5533666648038515,0.6195884858087213,0.5930997574067733
LEO_ISS_like,2.0,166,24.712777777777774,0.5533666648038515,0.3791126738857897,0.5533666648038515,0.6208873261142103,0.5938790615900668
LEO_ISS_like,2.0,167,24.712777777777774,0.5533666648038515,0.37782851112513655,0.5533666648038515,0.6221714888748635,0.5946495592464587
LEO_ISS_like,2.0,168,24.712777777777774,0.5533666648038515,0.3765588600457243,0.5533666648038515,0.6234411399542756,0.595411349894106
LEO_ISS_like,2.0,169,24.712777777777774,0.5533666648038515,0.3753035566582995,0.5533666648038515,0.6246964433417005,0.5961645319265609
LEO_ISS_like,2.0,170,24.712777777777774,0.5533666648038515,0.3740624388267692,0.5533666648038515,0.6259375611732307,0.596909202625479
LEO_ISS_like,2.0,171,24.712777777777774,0.5533666648038515,0.37283534624725945,0.5533666648038515,0.6271646537527406,0.5976454581731849
LEO_ISS_like,2.0,172,24.712777777777774,0.5533666648038515,0.37162212042741016,0.5533666648038515,0.6283778795725898,0.5983733936650946
LEO_ISS_like,2.0,173,24.712777777777774,0.5533666648038515,0.37042260466590415,0.5533666648038515,0.6295773953340958,0.5990931031219981
LEO_ISS_like,2.0,174,24.712777777777774,0.5533666648038515,0.36923664403222756,0.5533666648038515,0.6307633559677724,0.5998046795022041
LEO_ISS_like,2.0,175,24.712777777777774,0.5533666648038515,0.3680640853466587,0.5533666648038515,0.6319359146533413,0.6005082147135454
LEO_ISS_like,2.0,176,24.712777777777774,0.5533666648038515,0.3669047771604833,0.5533666648038515,0.6330952228395167,0.6012037996252506
LEO_ISS_like,2.0,177,24.712777777777774,0.5533666648038515,0.3657585697364334,0.5533666648038515,0.6342414302635666,0.6018915240796805
LEO_ISS_like,2.0,178,24.712777777777774,0.5533666648038515,0.3646253150293469,0.5533666648038515,0.6353746849706531,0.6025714769039325
LEO_ISS_like,2.0,179,24.712777777777774,0.5533666648038515,0.36350486666704623,0.5533666648038515,0.6364951333329538,0.6032437459213129
LEO_ISS_like,2.0,180,24.712777777777774,0.5533666648038515,0.3623970799314324,0.5533666648038515,0.6376029200685676,0.6039084179626811
LEO_ISS_like,5.0,0,3.768222222222222,0.0,1.0,0.0,0.0,0.0
LEO_ISS_like,5.0,1,3.768222222222222,0.05495556679889202,1.0,0.05495556679889202,0.0,0.02198222671955681
LEO_ISS_like,5.0,2,3.768222222222222,0.09315212757587354,0.9991756664980166,0.09315212757587354,0.0008243335019834097,0.03775545113153947
LEO_ISS_like,5.0,3,3.768222222222222,0.11970043451134235,0.9977820094111776,0.11970043451134235,0.0022179905888224383,0.0492109681578304
LEO_ISS_like,5.0,4,3.768222222222222,0.1381526874577543,0.9959971392818323,0.1381526874577543,0.004002860718167689,0.05766279141400234
LEO_ISS_like,5.0,5,3.768222222222222,0.15097782314817668,0.9939451526416065,0.15097782314817668,0.006054847358393456,0.06402403767430676
LEO_ISS_like,5.0,6,3.768222222222222,0.15989186231485358,0.9917123620515641,0.15989186231485358,0.0082876379484359,0.06892932769500297
LEO_ISS_like,5.0,7,3.768222222222222,0.16608751561498902,0.9893587239186731,0.16608751561498902,0.010641276081326922,0.07281977189479177
LEO_ISS_like,5.0,8,3.768222222222222,0.17039376995129224,0.9869258457593021,0.17039376995129224,0.01307415424069791,0.07600200052493564
LEO_ISS_like,5.0,9,3.768222222222222,0.1733868080556879,0.9844425779892048,0.1733868080556879,0.015557422010795241,0.07868917642875231
LEO_ISS_like,5.0,10,3.768222222222222,0.17546710252850692,0.9819289099105623,0.17546710252850692,0.018071090089437747,0.08102949506506542
LEO_ISS_like,5.0,11,3.768222222222222,0.1769129996212588,0.9793986798701658,0.1769129996212588,0.020601320129834177,0.08312599192640403
LEO_ISS_like,5.0,12,3.768222222222222,0.17791796234655768,0.9768614584563413,0.17791796234655768,0.023138541543658686,0.08505030986481829
LEO_ISS_like,5.0,13,3.768222222222222,0.17861645609435128,0.9743238560782207,0.17861645609435128,0.025676143921779304,0.0868522687908081
LEO_ISS_like,5.0,14,3.768222222222222,0.179101940285381,0.9717904303960729,0.179101940285381,0.028209569603927065,0.08856651787650865
LEO_ISS_like,5.0,15,3.768222222222222,0.17943937336976334,0.9692643158303642,0.17943937336976334,0.03073568416963579,0.09021715984968681
LEO_ISS_like,5.0,16,3.768222222222222,0.17967390435664116,0.966747660160939,0.17967390435664116,0.03325233983906095,0.09182096564609303
LEO_ISS_like,5.0,17,3.768222222222222,0.17983691381348377,0.9642419272810248,0.17983691381348377,0.03575807271897524,0.09338960915677864
LEO_ISS_like,5.0,18,3.768222222222222,0.17995021262902136,0.9617481071136049,0.17995021262902136,0.03825189288639508,0.0949312207834456
LEO_ISS_like,5.0,19,3.768222222222222,0.18002896034004903,0.9592668611467043,0.18002896034004903,0.04073313885329566,0.09645146744799701
LEO_ISS_like,5.0,20,3.768222222222222,0.18008369349822614,0.9567986233277507,0.18008369349822614,0.043201376672249325,0.09795430340264005
LEO_ISS_like,5.0,21,3.768222222222222,0.18012173547512866,0.9543436700074243,0.18012173547512866,0.04565632999257574,0.09944249218559692
LEO_ISS_like,5.0,22,3.768222222222222,0.18014817633940272,0.9519021684261804,0.18014817633940272,0.04809783157381964,0.10091796948005288
LEO_ISS_like,5.0,23,3.768222222222222,0.18016655391492542,0.9494742103254693,0.18016655391492542,0.0505257896745307,0.10238209537068858
LEO_ISS_like,5.0,24,3.768222222222222,0.1801793271464882,0.9470598352469114,0.1801793271464882,0.0529401647530886,0.10383582971044845
LEO_ISS_like,5.0,25,3.768222222222222,0.18018820510997993,0.9446590466829369,0.18018820510997993,0.055340953317063124,0.10527985403422985
LEO_ISS_like,5.0,26,3.768222222222222,0.180194375689083,0.9422718232719475,0.180194375689083,0.05772817672805253,0.10671465631246471
LEO_ISS_like,5.0,27,3.768222222222222,0.18019866451573824,0.9398981265582731,0.18019866451573824,0.060101873441726905,0.10814058987133145
LEO_ISS_like,5.0,28,3.768222222222222,0.1802016454408299,0.9375379063707986,0.1802016454408299,0.06246209362920141,0.1095579143538528
LEO_ISS_like,5.0,29,3.768222222222222,0.18020371731622065,0.9351911045508187,0.18020371731622065,0.06480889544918134,0.11096682419599707
LEO_ISS_like,5.0,30,3.768222222222222,0.18020515736167728,0.9328576575355494,0.18020515736167728,0.06714234246445061,0.11236746842334128
LEO_ISS_like,5.0,31,3.768222222222222,0.18020615825725547,0.9305374981483592,0.18020615825725547,0.06946250185164082,0.11375996441388668
LEO_ISS_like,5.0,32,3.768222222222222,0.1802068539241553,0.9282305568390796,0.1802068539241553,0.07176944316092038,0.11514440746621435
LEO_ISS_like,5.0,33,3.768222222222222,0.1802073374435614,0.9259367625430989,0.1802073374435614,0.07406323745690113,0.11652087745156524
LEO_ISS_like,5.0,34,3.768222222222222,0.18020767351103295,0.9236560432761846,0.18020767351103295,0.07634395672381544,0.11788944343870245
LEO_ISS_like,5.0,35,3.768222222222222,0.18020790709285822,0.9213883265461079,0.18020790709285822,0.07861167345389208,0.11925016690947854
LEO_ISS_like,5.0,36,3.768222222222222,0.1802080694426056,0.9191335396372696,0.1802080694426056,0.08086646036273037,0.12060310399468047
LEO_ISS_like,5.0,37,3.768222222222222,0.18020818228289373,0.9168916098072881,0.18020818228289373,0.08310839019271188,0.12194830702878462
LEO_ISS_like,5.0,38,3.768222222222222,0.18020826071190785,0.9146624644225592,0.18020826071190785,0.08533753557744084,0.12328582563122764
LEO_ISS_like,5.0,39,3.768222222222222,0.1802083152235575,0.9124460310515107,0.1802083152235575,0.08755396894848932,0.1246157074585166
LEO_ISS_like,5.0,40,3.768222222222222,0.18020835311157615,0.910242237528533,0.18020835311157615,0.08975776247146705,0.12593799872751069
LEO_ISS_like,5.0,41,3.768222222222222,0.18020837944543258,0.9080510119975832,0.18020837944543258,0.0919489880024168,0.1272527445796231
LEO_ISS_like,5.0,42,3.768222222222222,0.1802083977486329,0.9058722829417024,0.1802083977486329,0.09412771705829759,0.12855998933443172
LEO_ISS_like,5.0,43,3.768222222222222,0.1802084104701704,0.90370597920277,0.1802084104701704,0.09629402079723004,0.1298597766664062
LEO_ISS_like,5.0,44,3.768222222222222,0.18020841931220422,0.9015520299944938,0.18020841931220422,0.0984479700055062,0.1311521497281854
LEO_ISS_like,5.0,45,3.768222222222222,0.1802084254578106,0.899410364910715,0.1802084254578106,0.10058963508928498,0.13243715123669522
LEO_ISS_like,5.0,46,3.768222222222222,0.1802084297292801,0.8972809139304679,0.1802084297292801,0.10271908606953206,0.13371482353343128
LEO_ISS_like,5.0,47,3.768222222222222,0.1802084326981412,0.8951636074207946,0.1802084326981412,0.1048363925792054,0.1349852086267797
LEO_ISS_like,5.0,48,3.768222222222222,0.1802084347616316,0.8930583761380064,0.1802084347616316,0.10694162386199357,0.13624834822184878
LEO_ISS_like,5.0,49,3.768222222222222,0.1802084361958491,0.8909651512278735,0.1802084361958491,0.10903484877212655,0.13750428374161555
LEO_ISS_like,5.0,50,3.768222222222222,0.18020843719269397,0.8888838642250733,0.18020843719269397,0.11111613577492674,0.13875305634203364
LEO_ISS_like,5.0,51,3.768222222222222,0.18020843788554547,0.886814447052131,0.18020843788554547,0.11318555294786903,0.13999470692293958
LEO_ISS_like,5.0,52,3.768222222222222,0.18020843836710804,0.8847568320180106,0.18020843836710804,0.11524316798198941,0.14122927613603686
LEO_ISS_like,5.0,53,3.768222222222222,0.1802084387018154,0.8827109518164676,0.1802084387018154,0.11728904818353236,0.14245680439084557
LEO_ISS_like,5.0,54,3.768222222222222,0.18020843893445193,0.8806767395242406,0.18020843893445193,0.11932326047575936,0.1436773318592364
LEO_ISS_like,5.0,55,3.768222222222222,0.18020843909614465,0.8786541285991347,0.18020843909614465,0.12134587140086528,0.14489089847897701
LEO_ISS_like,5.0,56,3.768222222222222,0.18020843920852825,0.8766430528780338,0.18020843920852825,0.12335694712196621,0.14609754395659102
LEO_ISS_like,5.0,57,3.768222222222222,0.18020843928663988,0.8746434465748675,0.18020843928663988,0.12535655342513252,0.14729730776973546
LEO_ISS_like,5.0,58,3.768222222222222,0.18020843934093092,0.8726552442785497,0.18020843934093092,0.12734475572145032,0.14849022916924257
LEO_ISS_like,5.0,59,3.768222222222222,0.1802084393786656,0.8706783809509023,0.1802084393786656,0.12932161904909767,0.14967634718092485
LEO_ISS_like,5.0,60,3.768222222222222,0.18020843940489287,0.8687127919245711,0.18020843940489287,0.13128720807542893,0.1508557006072145
LEO_ISS_like,5.0,61,3.768222222222222,0.18020843942312198,0.8667584129009405,0.18020843942312198,0.13324158709905953,0.15202832802868452
LEO_ISS_like,5.0,62,3.768222222222222,0.18020843943579204,0.8648151799480516,0.18020843943579204,0.13518482005194843,0.1531942678054859
LEO_ISS_like,5.0,63,3.768222222222222,0.1802084394445983,0.8628830294985251,0.1802084394445983,0.13711697050147487,0.15435355807872425
LEO_ISS_like,5.0,64,3.768222222222222,0.18020843945071904,0.8609618983474923,0.18020843945071904,0.13903810165250774,0.15550623677179226
LEO_ISS_like,5.0,65,3.768222222222222,0.18020843945497322,0.8590517236505338,0.18020843945497322,0.14094827634946616,0.156652341591669
LEO_ISS_like,5.0,66,3.768222222222222,0.18020843945793008,0.8571524429216297,0.18020843945793008,0.14284755707837027,0.1577919100301942
LEO_ISS_like,5.0,67,3.768222222222222,0.18020843945998521,0.855263994031118,0.18020843945998521,0.14473600596888203,0.1589249793653233
LEO_ISS_like,5.0,68,3.768222222222222,0.18020843946141363,0.8533863152036647,0.18020843946141363,0.1466136847963353,0.16005158666236663
LEO_ISS_like,5.0,69,3.768222222222222,0.18020843946240644,0.851519345016245,0.18020843946240644,0.14848065498375496,0.16117176877521555
LEO_ISS_like,5.0,70,3.768222222222222,0.1802084394630965,0.8496630223961349,0.1802084394630965,0.1503369776038651,0.16228556234755764
LEO_ISS_like,5.0,71,3.768222222222222,0.18020843946357612,0.8478172866189139,0.18020843946357612,0.15218271338108613,0.16339300381408212
LEO_ISS_like,5.0,72,3.768222222222222,0.18020843946390946,0.8459820773064796,0.18020843946390946,0.15401792269352044,0.16449412940167604
LEO_ISS_like,5.0,73,3.768222222222222,0.18020843946414117,0.8441573344250726,0.18020843946414117,0.15584266557492743,0.16558897513061294
LEO_ISS_like,5.0,74,3.768222222222222,0.1802084394643022,0.842342998283313,0.1802084394643022,0.15765700171668695,0.16667757681573303
LEO_ISS_like,5.0,75,3.768222222222222,0.18020843946441412,0.8405390095302484,0.18020843946441412,0.1594609904697516,0.16775997006761662
LEO_ISS_like,5.0,76,3.768222222222222,0.18020843946449192,0.8387453091534115,0.18020843946449192,0.1612546908465885,0.16883619029374985
LEO_ISS_like,5.0,77,3.768222222222222,0.18020843946454598,0.8369618384768908,0.18020843946454598,0.16303816152310924,0.16990627269968395
LEO_ISS_like,5.0,78,3.768222222222222,0.18020843946458356,0.8351885391594106,0.18020843946458356,0.1648114608405894,0.17097025229018709
LEO_ISS_like,5.0,79,3.768222222222222,0.18020843946460968,0.8334253531924231,0.18020843946460968,0.16657464680757694,0.17202816387039005
LEO_ISS_like,5.0,80,3.768222222222222,0.18020843946462783,0.8316722228982101,0.18020843946462783,0.16832777710178992,0.1730800420469251
LEO_ISS_like,5.0,81,3.768222222222222,0.18020843946464044,0.8299290909279969,0.18020843946464044,0.17007090907200306,0.174125921229058
LEO_ISS_like,5.0,82,3.768222222222222,0.1802084394646492,0.8281959002600763,0.1802084394646492,0.17180409973992372,0.17516583562981392
LEO_ISS_like,5.0,83,3.768222222222222,0.1802084394646553,0.8264725941979427,0.1802084394646553,0.17352740580205728,0.1761998192670965
LEO_ISS_like,5.0,84,3.768222222222222,0.18020843946465956,0.8247591163684381,0.18020843946465956,0.17524088363156187,0.17722790596480092
LEO_ISS_like,5.0,85,3.768222222222222,0.1802084394646625,0.8230554107199077,0.1802084394646625,0.17694458928009227,0.17825012935392037
LEO_ISS_like,5.0,86,3.768222222222222,0.18020843946466455,0.8213614215203663,0.18020843946466455,0.17863857847963371,0.17926652287364603
LEO_ISS_like,5.0,87,3.768222222222222,0.18020843946466597,0.8196770933556752,0.18020843946466597,0.18032290664432482,0.18027711977246128
LEO_ISS_like,5.0,88,3.768222222222222,0.18020843946466697,0.8180023711277298,0.18020843946466697,0.18199762887227022,0.18128195310922893
LEO_ISS_like,5.0,89,3.768222222222222,0.18020843946466764,0.8163372000526568,0.18020843946466764,0.18366279994734325,0.182281055754273
LEO_ISS_like,5.0,90,3.768222222222222,0.1802084394646681,0.8146815256590221,0.1802084394646681,0.18531847434097792,0.183274460390454
LEO_ISS_like,5.0,91,3.768222222222222,0.18020843946466844,0.8130352937860494,0.18020843946466844,0.18696470621395056,0.18426219951423772
LEO_ISS_like,5.0,92,3.768222222222222,0.18020843946466866,0.811398450581848,0.18020843946466866,0.188601549418152,0.18524430543675868
LEO_ISS_like,5.0,93,3.768222222222222,0.18020843946466883,0.8097709425016514,0.18020843946466883,0.19022905749834862,0.1862208102848767
LEO_ISS_like,5.0,94,3.768222222222222,0.18020843946466894,0.8081527163060656,0.18020843946466894,0.19184728369393445,0.18719174600222827
LEO_ISS_like,5.0,95,3.768222222222222,0.18020843946466902,0.8065437190593276,0.18020843946466902,0.19345628094067235,0.18815714435027103
LEO_ISS_like,5.0,96,3.768222222222222,0.18020843946466908,0.8049438981275739,0.18020843946466908,0.19505610187242606,0.18911703690932327
LEO_ISS_like,5.0,97,3.768222222222222,0.18020843946466913,0.8033532011771185,0.18020843946466913,0.1966467988228815,0.19007145507959655
LEO_ISS_like,5.0,98,3.768222222222222,0.18020843946466916,0.801771576172741,0.18020843946466916,0.19822842382725903,0.19102043008222308
LEO_ISS_like,5.0,99,3.768222222222222,0.1802084394646692,0.8001989713759845,0.1802084394646692,0.1998010286240155,0.19196399296027697
LEO_ISS_like,5.0,100,3.768222222222222,0.1802084394646692,0.7986353353434631,0.1802084394646692,0.2013646646565369,0.1929021745797898
LEO_ISS_like,5.0,101,3.768222222222222,0.1802084394646692,0.7970806169251788,0.1802084394646692,0.20291938307482116,0.19383500563076037
LEO_ISS_like,5.0,102,3.768222222222222,0.1802084394646692,0.7955347652628489,0.1802084394646692,0.20446523473715106,0.1947625166281583
LEO_ISS_like,5.0,103,3.768222222222222,0.1802084394646692,0.7939977297882418,0.1802084394646692,0.2060022702117582,0.1956847379129226
LEO_ISS_like,5.0,104,3.768222222222222,0.1802084394646692,0.7924694602215226,0.1802084394646692,0.20753053977847735,0.1966016996529541
LEO_ISS_like,5.0,105,3.768222222222222,0.1802084394646692,0.7909499065696092,0.1802084394646692,0.20905009343039083,0.19751343184410217
LEO_ISS_like,5.0,106,3.768222222222222,0.1802084394646692,0.7894390191245358,0.1802084394646692,0.21056098087546415,0.19841996431114617
LEO_ISS_like,5.0,107,3.768222222222222,0.1802084394646692,0.7879367484618279,0.1802084394646692,0.21206325153817207,0.19932132670877092
LEO_ISS_like,5.0,108,3.768222222222222,0.1802084394646692,0.7864430454388849,0.1802084394646692,0.21355695456111512,0.20021754852253676
LEO_ISS_like,5.0,109,3.768222222222222,0.1802084394646692,0.7849578611933725,0.1802084394646692,0.21504213880662748,0.20110865906984415
LEO_ISS_like,5.0,110,3.768222222222222,0.1802084394646692,0.7834811471416246,0.1802084394646692,0.21651885285837535,0.2019946875008929
LEO_ISS_like,5.0,111,3.768222222222222,0.1802084394646692,0.7820128549770541,0.1802084394646692,0.21798714502294592,0.20287566279963523
LEO_ISS_like,5.0,112,3.768222222222222,0.1802084394646692,0.7805529366685721,0.1802084394646692,0.21944706333142794,0.20375161378472445
LEO_ISS_like,5.0,113,3.768222222222222,0.1802084394646692,0.7791013444590172,0.1802084394646692,0.22089865554098276,0.20462256911045734
LEO_ISS_like,5.0,114,3.768222222222222,0.1802084394646692,0.7776580308635934,0.1802084394646692,0.22234196913640658,0.20548855726771162
LEO_ISS_like,5.0,115,3.768222222222222,0.1802084394646692,0.7762229486683162,0.1802084394646692,0.2237770513316838,0.20634960658487794
LEO_ISS_like,5.0,116,3.768222222222222,0.1802084394646692,0.7747960509284685,0.1802084394646692,0.22520394907153152,0.2072057452287866
LEO_ISS_like,5.0,117,3.768222222222222,0.1802084394646692,0.773377290967065,0.1802084394646692,0.22662270903293502,0.2080570012056287
LEO_ISS_like,5.0,118,3.768222222222222,0.1802084394646692,0.7719666223733249,0.1802084394646692,0.22803337762667508,0.20890340236187271
LEO_ISS_like,5.0,119,3.768222222222222,0.1802084394646692,0.7705639990011544,0.1802084394646692,0.22943600099884565,0.20974497638517506
LEO_ISS_like,5.0,120,3.768222222222222,0.1802084394646692,0.769169374967636,0.1802084394646692,0.23083062503236396,0.21058175080528604
LEO_ISS_like,5.0,121,3.768222222222222,0.1802084394646692,0.7677827046515291,0.1802084394646692,0.2322172953484709,0.21141375299495022
LEO_ISS_like,5.0,122,3.768222222222222,0.1802084394646692,0.7664039426917763,0.1802084394646692,0.23359605730822375,0.21224101017080194
LEO_ISS_like,5.0,123,3.768222222222222,0.1802084394646692,0.7650330439860201,0.1802084394646692,0.23496695601397988,0.2130635493942556
LEO_ISS_like,5.0,124,3.768222222222222,0.1802084394646692,0.7636699636891277,0.1802084394646692,0.23633003631087235,0.21388139757239108
LEO_ISS_like,5.0,125,3.768222222222222,0.1802084394646692,0.7623146572117234,0.1802084394646692,0.23768534278827658,0.21469458145883363
LEO_ISS_like,5.0,126,3.768222222222222,0.1802084394646692,0.7609670802187307,0.1802084394646692,0.23903291978126928,0.21550312765462926
LEO_ISS_like,5.0,127,3.768222222222222,0.1802084394646692,0.7596271886279214,0.1802084394646692,0.24037281137207855,0.2163070626091148
LEO_ISS_like,5.0,128,3.768222222222222,0.1802084394646692,0.7582949386084741,0.1802084394646692,0.24170506139152592,0.21710641262078323
LEO_ISS_like,5.0,129,3.768222222222222,0.1802084394646692,0.7569702865795398,0.1802084394646692,0.2430297134204602,0.2179012038381438
LEO_ISS_like,5.0,130,3.768222222222222,0.1802084394646692,0.7556531892088169,0.1802084394646692,0.24434681079118314,0.21869146226057756
LEO_ISS_like,5.0,131,3.768222222222222,0.1802084394646692,0.754343603411133,0.1802084394646692,0.24565639658886695,0.21947721373918785
LEO_ISS_like,5.0,132,3.768222222222222,0.1802084394646692,0.7530414863470365,0.1802084394646692,0.2469585136529635,0.22025848397764577
LEO_ISS_like,5.0,133,3.768222222222222,0.1802084394646692,0.7517467954213941,0.1802084394646692,0.2482532045786059,0.22103529853303122
LEO_ISS_like,5.0,134,3.768222222222222,0.1802084394646692,0.750459488281998,0.1802084394646692,0.24954051171800196,0.22180768281666885
LEO_ISS_like,5.0,135,3.768222222222222,0.1802084394646692,0.7491795228181808,0.1802084394646692,0.2508204771818192,0.22257566209495921
LEO_ISS_like,5.0,136,3.768222222222222,0.1802084394646692,0.7479068571594369,0.1802084394646692,0.25209314284056306,0.2233392614902055
LEO_ISS_like,5.0,137,3.768222222222222,0.1802084394646692,0.7466414496740542,0.1802084394646692,0.2533585503259458,0.22409850598143516
LEO_ISS_like,5.0,138,3.768222222222222,0.1802084394646692,0.745383258967751,0.1802084394646692,0.25461674103224896,0.22485342040521705
LEO_ISS_like,5.0,139,3.768222222222222,0.1802084394646692,0.7441322438823228,0.1802084394646692,0.2558677561176772,0.225604029456474
LEO_ISS_like,5.0,140,3.768222222222222,0.1802084394646692,0.7428883634942952,0.1802084394646692,0.2571116365057048,0.22635035768929054
LEO_ISS_like,5.0,141,3.768222222222222,0.1802084394646692,0.7416515771135858,0.1802084394646692,0.25834842288641424,0.22709242951771622
LEO_ISS_like,5.0,142,3.768222222222222,0.1802084394646692,0.7404218442821727,0.1802084394646692,0.2595781557178273,0.22783026921656405
LEO_ISS_like,5.0,143,3.768222222222222,0.1802084394646692,0.7391991247727716,0.1802084394646692,0.2608008752272284,0.22856390092220472
LEO_ISS_like,5.0,144,3.768222222222222,0.1802084394646692,0.7379833785875191,0.1802084394646692,0.26201662141248094,0.22929334863335624
LEO_ISS_like,5.0,145,3.768222222222222,0.1802084394646692,0.7367745659566647,0.1802084394646692,0.2632254340433353,0.23001863621186885
LEO_ISS_like,5.0,146,3.768222222222222,0.1802084394646692,0.73557264733727,0.1802084394646692,0.26442735266273,0.23073978738350567
LEO_ISS_like,5.0,147,3.768222222222222,0.1802084394646692,0.7343775834119151,0.1802084394646692,0.26562241658808494,0.23145682573871865
LEO_ISS_like,5.0,148,3.768222222222222,0.1802084394646692,0.7331893350874119,0.1802084394646692,0.2668106649125881,0.23216977473342054
LEO_ISS_like,5.0,149,3.768222222222222,0.1802084394646692,0.7320078634935261,0.1802084394646692,0.2679921365064739,0.23287865768975202
LEO_ISS_like,5.0,150,3.768222222222222,0.1802084394646692,0.730833129981705,0.1802084394646692,0.269166870018295,0.23358349779684467
LEO_ISS_like,5.0,151,3.768222222222222,0.1802084394646692,0.7296650961238137,0.1802084394646692,0.2703349038761863,0.23428431811157946
LEO_ISS_like,5.0,152,3.768222222222222,0.1802084394646692,0.7285037237108776,0.1802084394646692,0.27149627628912243,0.23498114155934113
LEO_ISS_like,5.0,153,3.768222222222222,0.1802084394646692,0.7273489747518329,0.1802084394646692,0.2726510252481671,0.23567399093476793
LEO_ISS_like,5.0,154,3.768222222222222,0.1802084394646692,0.7262008114722835,0.1802084394646692,0.27379918852771645,0.23636288890249754
LEO_ISS_like,5.0,155,3.768222222222222,0.1802084394646692,0.7250591963132658,0.1802084394646692,0.27494080368673424,0.23704785799790823
LEO_ISS_like,5.0,156,3.768222222222222,0.1802084394646692,0.7239240919300192,0.1802084394646692,0.27607590806998084,0.23772892062785617
LEO_ISS_like,5.0,157,3.768222222222222,0.1802084394646692,0.7227954611907653,0.1802084394646692,0.2772045388092347,0.23840609907140847
LEO_ISS_like,5.0,158,3.768222222222222,0.1802084394646692,0.7216732671754931,0.1802084394646692,0.27832673282450693,0.23907941548057182
LEO_ISS_like,5.0,159,3.768222222222222,0.1802084394646692,0.7205574731747506,0.1802084394646692,0.2794425268252494,0.2397488918810173
LEO_ISS_like,5.0,160,3.768222222222222,0.1802084394646692,0.719448042688445,0.1802084394646692,0.280551957311555,0.2404145501728007
LEO_ISS_like,5.0,161,3.768222222222222,0.1802084394646692,0.7183449394246477,0.1802084394646692,0.2816550605753523,0.24107641213107905
LEO_ISS_like,5.0,162,3.768222222222222,0.1802084394646692,0.7172481272984079,0.1802084394646692,0.2827518727015921,0.24173449940682293
LEO_ISS_like,5.0,163,3.768222222222222,0.1802084394646692,0.7161575704305717,0.1802084394646692,0.2838424295694283,0.24238883352752466
LEO_ISS_like,5.0,164,3.768222222222222,0.1802084394646692,0.7150732331466084,0.1802084394646692,0.2849267668533916,0.2430394358979026
LEO_ISS_like,5.0,165,3.768222222222222,0.1802084394646692,0.713995079975444,0.1802084394646692,0.286004920024556,0.2436863278006013
LEO_ISS_like,5.0,166,3.768222222222222,0.1802084394646692,0.7129230756483003,0.1802084394646692,0.28707692435169974,0.2443295303968875
LEO_ISS_like,5.0,167,3.768222222222222,0.1802084394646692,0.7118571850975414,0.1802084394646692,0.28814281490245863,0.24496906472734287
LEO_ISS_like,5.0,168,3.768222222222222,0.1802084394646692,0.7107973734555266,0.1802084394646692,0.2892026265444734,0.2456049517125517
LEO_ISS_like,5.0,169,3.768222222222222,0.1802084394646692,0.70974360605347,0.1802084394646692,0.29025639394653,0.2462372121537857
LEO_ISS_like,5.0,170,3.768222222222222,0.1802084394646692,0.7086958484203058,0.1802084394646692,0.29130415157969425,0.2468658667336842
LEO_ISS_like,5.0,171,3.768222222222222,0.1802084394646692,0.7076540662815611,0.1802084394646692,0.29234593371843887,0.247490936016931
LEO_ISS_like,5.0,172,3.768222222222222,0.1802084394646692,0.7066182255582351,0.1802084394646692,0.29338177444176494,0.24811244045092665
LEO_ISS_like,5.0,173,3.768222222222222,0.1802084394646692,0.7055882923656832,0.1802084394646692,0.2944117076343168,0.24873040036645774
LEO_ISS_like,5.0,174,3.768222222222222,0.1802084394646692,0.7045642330125097,0.1802084394646692,0.2954357669874903,0.24934483597836185
LEO_ISS_like,5.0,175,3.768222222222222,0.1802084394646692,0.703546013999465,0.1802084394646692,0.29645398600053496,0.24995576738618866
LEO_ISS_like,5.0,176,3.768222222222222,0.1802084394646692,0.7025336020183501,0.1802084394646692,0.29746639798164987,0.2505632145748576
LEO_ISS_like,5.0,177,3.768222222222222,0.1802084394646692,0.7015269639509268,0.1802084394646692,0.29847303604907316,0.25116719741531157
LEO_ISS_like,5.0,178,3.768222222222222,0.1802084394646692,0.7005260668678343,0.1802084394646692,0.29947393313216575,0.25176773566516714
LEO_ISS_like,5.0,179,3.768222222222222,0.1802084394646692,0.6995308780275121,0.1802084394646692,0.3004691219724879,0.2523648489693604
LEO_ISS_like,5.0,180,3.768222222222222,0.1802084394646692,0.6985413648751293,0.1802084394646692,0.3014586351248707,0.2529585568607901
LEO_ISS_like,10.0,0,1.5521111111111112,0.0,1.0,0.0,0.0,0.0
LEO_ISS_like,10.0,1,1.5521111111111112,0.023012739730522647,1.0,0.023012739730522647,0.0,0.009205095892209058
LEO_ISS_like,10.0,2,1.5521111111111112,0.03974270833850986,0.9996548089040421,0.03974270833850986,0.0003451910959578752,0.01610419799297867
LEO_ISS_like,10.0,3,1.5521111111111112,0.05190518238122484,0.999059909634688,0.05190518238122484,0.0009400903653119519,0.021326127171677107
LEO_ISS_like,10.0,4,1.5521111111111112,0.060747146063636834,0.9982848841034936,0.060747146063636834,0.001715115896506414,0.02532792796335858
LEO_ISS_like,10.0,5,1.5521111111111112,0.06717514101651575,0.9973803850861668,0.06717514101651575,0.0026196149138332236,0.028441825354906237
LEO_ISS_like,10.0,6,1.5521111111111112,0.07184821145633523,0.9963832564106793,0.07184821145633523,0.0036167435893207367,0.030909330736126537
LEO_ISS_like,10.0,7,1.5521111111111112,0.07524547413242587,0.995320281317975,0.07524547413242587,0.004679718682024991,0.032906020862185345
LEO_ISS_like,10.0,8,1.5521111111111112,0.07771524081773276,0.9942109202768002,0.07771524081773276,0.005789079723199753,0.03455954416101296
LEO_ISS_like,10.0,9,1.5521111111111112,0.07951072973378884,0.9930693073995759,0.07951072973378884,0.006930692600424115,0.035962707453770004
LEO_ISS_like,10.0,10,1.5521111111111112,0.08081602730171666,0.9919057044977636,0.08081602730171666,0.008094295502236393,0.0371829882220285
LEO_ISS_like,10.0,11,1.5521111111111112,0.08176496200446093,0.990727559206839,0.08176496200446093,0.00927244079316103,0.03826944927768099
LEO_ISS_like,10.0,12,1.5521111111111112,0.08245482544418362,0.9895402745106887,0.08245482544418362,0.010459725489311289,0.03925776547126022
LEO_ISS_like,10.0,13,1.5521111111111112,0.08295634737618768,0.9883477681280851,0.08295634737618768,0.011652231871914887,0.040173878073624006
LEO_ISS_like,10.0,14,1.5521111111111112,0.08332094743150037,0.9871528790119811,0.08332094743150037,0.012847120988018879,0.041036651565411475
LEO_ISS_like,10.0,15,1.5521111111111112,0.08358600702680624,0.98595766267786,0.08358600702680624,0.014042337322139997,0.04185980520400649
LEO_ISS_like,10.0,16,1.5521111111111112,0.08377870197580581,0.9847636057280156,0.08377870197580581,0.015236394271984421,0.04265331735351298
LEO_ISS_like,10.0,17,1.5521111111111112,0.08391878874884676,0.983571781661218,0.08391878874884676,0.016428218338782052,0.04342444650280793
LEO_ISS_like,10.0,18,1.5521111111111112,0.08402063004817979,0.9823829640277659,0.08402063004817979,0.017617035972234074,0.04417847360261236
LEO_ISS_like,10.0,19,1.5521111111111112,0.0840946673753642,0.9811977086018895,0.0840946673753642,0.018802291398110516,0.044919241789011986
LEO_ISS_like,10.0,20,1.5521111111111112,0.08414849156901166,0.9800164130520687,0.08414849156901166,0.019983586947931342,0.045649548796363466
LEO_ISS_like,10.0,21,1.5521111111111112,0.08418762107208765,0.9788393602698444,0.08418762107208765,0.021160639730155584,0.04637143226692841
LEO_ISS_like,10.0,22,1.5521111111111112,0.08421606772232457,0.9776667498317423,0.08421606772232457,0.022333250168257712,0.047086377189884454
LEO_ISS_like,10.0,23,1.5521111111111112,0.08423674807464415,0.9764987208440417,0.08423674807464415,0.023501279155958343,0.04779546672343267
LEO_ISS_like,10.0,24,1.5521111111111112,0.08425178242731837,0.9753353685303653,0.08425178242731837,0.024664631469634712,0.04849949185270818
LEO_ISS_like,10.0,25,1.5521111111111112,0.08426271221017892,0.9741767562758279,0.08426271221017892,0.025823243724172107,0.049199031118574835
LEO_ISS_like,10.0,26,1.5521111111111112,0.08427065802307605,0.9730229243721616,0.08427065802307605,0.026977075627838354,0.04989450858593343
LEO_ISS_like,10.0,27,1.5521111111111112,0.08427643452782475,0.9718738963674195,0.08427643452782475,0.0281261036325805,0.0505862359906782
LEO_ISS_like,10.0,28,1.5521111111111112,0.08428063397318594,0.9707296836763696,0.08428063397318594,0.02927031632363042,0.05127444338345263
LEO_ISS_like,10.0,29,1.5521111111111112,0.08428368691646373,0.9695902889279879,0.08428368691646373,0.03040971107201207,0.05195930140979274
LEO_ISS_like,10.0,30,1.5521111111111112,0.08428590636733302,0.9684557083959652,0.08428590636733302,0.031544291604034824,0.052640937509354106
LEO_ISS_like,10.0,31,1.5521111111111112,0.08428751987983978,0.9673259337633957,0.08428751987983978,0.03267406623660429,0.053319447693898486
LEO_ISS_like,10.0,32,1.5521111111111112,0.08428869288287646,0.96620095340402,0.08428869288287646,0.03379904659597999,0.05399490511073858
LEO_ISS_like,10.0,33,1.5521111111111112,0.0842895456411404,0.9650807533124387,0.0842895456411404,0.0349192466875613,0.05466736626899295
LEO_ISS_like,10.0,34,1.5521111111111112,0.08429016558553437,0.9639653177794456,0.08429016558553437,0.03603468222055439,0.05533687556654639
LEO_ISS_like,10.0,35,1.5521111111111112,0.08429061627721086,0.9628546298822921,0.08429061627721086,0.03714537011770791,0.05600346858150909
LEO_ISS_like,10.0,36,1.5521111111111112,0.08429094392431799,0.961748671840573,0.08429094392431799,0.038251328159427,0.0566671744653834
LEO_ISS_like,10.0,37,1.5521111111111112,0.08429118211959073,0.9606474252745403,0.08429118211959073,0.03935257472545972,0.057328017683112124
LEO_ISS_like,10.0,38,1.5521111111111112,0.08429135528451948,0.9595508713925687,0.08429135528451948,0.04044912860743133,0.05798601927826659
LEO_ISS_like,10.0,39,1.5521111111111112,0.0842914811732166,0.9584589911271791,0.0842914811732166,0.04154100887282086,0.05864119779297916
LEO_ISS_like,10.0,40,1.5521111111111112,0.0842915726926956,0.9573717652337091,0.0842915726926956,0.04262823476629085,0.05929356993685275
LEO_ISS_like,10.0,41,1.5521111111111112,0.08429163922619091,0.956289174361861,0.08429163922619091,0.043710825638138995,0.05994315107335976
LEO_ISS_like,10.0,42,1.5521111111111112,0.08429168759519438,0.9552111991075571,0.08429168759519438,0.04478880089244286,0.06058995557354348
LEO_ISS_like,10.0,43,1.5521111111111112,0.0842917227588437,0.9541378200504954,0.0842917227588437,0.04586217994950459,0.06123399707324023
LEO_ISS_like,10.0,44,1.5521111111111112,0.08429174832236877,0.9530690177813226,0.08429174832236877,0.04693098221867742,0.06187528866015396
LEO_ISS_like,10.0,45,1.5521111111111112,0.08429176690672584,0.9520047729212685,0.08429176690672584,0.047995227078731495,0.06251384300992924
LEO_ISS_like,10.0,46,1.5521111111111112,0.08429178041731666,0.9509450661363071,0.08429178041731666,0.04905493386369286,0.06314967248514239
LEO_ISS_like,10.0,47,1.5521111111111112,0.08429179023934408,0.9498898781473428,0.08429179023934408,0.050110121852657175,0.06378278920733194
LEO_ISS_like,10.0,48,1.5521111111111112,0.08429179737983288,0.9488391897375117,0.08429179737983288,0.05116081026248831,0.06441320510942614
LEO_ISS_like,10.0,49,1.5521111111111112,0.08429180257087726,0.9477929817573881,0.08429180257087726,0.05220701824261187,0.06504093197391803
LEO_ISS_like,10.0,50,1.5521111111111112,0.0842918063447004,0.9467512351286707,0.0842918063447004,0.053248764871329346,0.06566598146067776
LEO_ISS_like,10.0,51,1.5521111111111112,0.08429180908822174,0.9457139308467636,0.08429180908822174,0.054286069153236416,0.06628836512723055
LEO_ISS_like,10.0,52,1.5521111111111112,0.0842918110827268,0.9446810499825582,0.0842918110827268,0.055318950017441804,0.0669080944435558
LEO_ISS_like,10.0,53,1.5521111111111112,0.08429181253270657,0.9436525736836321,0.08429181253270657,0.05634742631636791,0.06752518080290337
LEO_ISS_like,10.0,54,1.5521111111111112,0.08429181358682339,0.942628483175027,0.08429181358682339,0.05737151682497299,0.06813963552971315
LEO_ISS_like,10.0,55,1.5521111111111112,0.08429181435315289,0.9416087597597207,0.08429181435315289,0.05839124024027931,0.06875146988542874
LEO_ISS_like,10.0,56,1.5521111111111112,0.08429181491026468,0.940593384818877,0.08429181491026468,0.059406615181123,0.06936069507277967
LEO_ISS_like,10.0,57,1.5521111111111112,0.08429181531527785,0.9395823398119358,0.08429181531527785,0.06041766018806416,0.06996732223894964
LEO_ISS_like,10.0,58,1.5521111111111112,0.08429181560971727,0.9385756062765862,0.08429181560971727,0.061424393723413795,0.07057136247793519
LEO_ISS_like,10.0,59,1.5521111111111112,0.08429181582377097,0.9375731658286558,0.08429181582377097,0.0624268341713442,0.0711728268323149
LEO_ISS_like,10.0,60,1.5521111111111112,0.08429181597938529,0.9365750001619397,0.08429181597938529,0.06342499983806027,0.07177172629459028
LEO_ISS_like,10.0,61,1.5521111111111112,0.0842918160925149,0.9355810910479858,0.0842918160925149,0.06441890895201419,0.07236807180821447
LEO_ISS_like,10.0,62,1.5521111111111112,0.0842918161747587,0.9345914203358481,0.0842918161747587,0.06540857966415192,0.07296187426839462
LEO_ISS_like,10.0,63,1.5521111111111112,0.08429181623454889,0.9336059699518187,0.08429181623454889,0.06639403004818134,0.07355314452272836
LEO_ISS_like,10.0,64,1.5521111111111112,0.0842918162780156,0.9326247218991434,0.0842918162780156,0.06737527810085664,0.07414189337172022
LEO_ISS_like,10.0,65,1.5521111111111112,0.08429181630961534,0.9316476582577261,0.08429181630961534,0.06835234174227389,0.07472813156921046
LEO_ISS_like,10.0,66,1.5521111111111112,0.08429181633258795,0.9306747611838257,0.08429181633258795,0.06932523881617425,0.07531186982273973
LEO_ISS_like,10.0,67,1.5521111111111112,0.08429181634928874,0.9297060129097481,0.08429181634928874,0.07029398709025192,0.07589311879386665
LEO_ISS_like,10.0,68,1.5521111111111112,0.08429181636143002,0.9287413957435335,0.08429181636143002,0.07125860425646646,0.07647188909845189
LEO_ISS_like,10.0,69,1.5521111111111112,0.08429181637025657,0.9277808920686439,0.08429181637025657,0.07221910793135611,0.07704819130691629
LEO_ISS_like,10.0,70,1.5521111111111112,0.08429181637667335,0.9268244843436467,0.08429181637667335,0.07317551565635327,0.0776220359444813
LEO_ISS_like,10.0,71,1.5521111111111112,0.08429181638133827,0.9258721551019002,0.08429181638133827,0.07412784489809976,0.07819343349139517
LEO_ISS_like,10.0,72,1.5521111111111112,0.0842918163847296,0.9249238869512378,0.0842918163847296,0.07507611304876216,0.07876239438314914
LEO_ISS_like,10.0,73,1.5521111111111112,0.08429181638719506,0.9239796625736529,0.08429181638719506,0.07602033742634706,0.07932892901068626
LEO_ISS_like,10.0,74,1.5521111111111112,0.08429181638898742,0.9230394647249845,0.08429181638898742,0.07696053527501545,0.07989304772060424
LEO_ISS_like,10.0,75,1.5521111111111112,0.08429181639029043,0.9221032762346038,0.08429181639029043,0.07789672376539625,0.08045476081535392
LEO_ISS_like,10.0,76,1.5521111111111112,0.08429181639123771,0.9211710800051012,0.08429181639123771,0.07882891999489883,0.08101407855343438
LEO_ISS_like,10.0,77,1.5521111111111112,0.08429181639192637,0.9202428590119752,0.08429181639192637,0.07975714098802478,0.08157101114958541
LEO_ISS_like,10.0,78,1.5521111111111112,0.08429181639242703,0.919318596303322,0.08429181639242703,0.08068140369667798,0.08212556877497759
LEO_ISS_like,10.0,79,1.5521111111111112,0.08429181639279099,0.9183982749995259,0.08429181639279099,0.08160172500047413,0.08267776155740088
LEO_ISS_like,10.0,80,1.5521111111111112,0.08429181639305558,0.9174818782929516,0.08429181639305558,0.08251812170704842,0.08322759958145129
LEO_ISS_like,10.0,81,1.5521111111111112,0.08429181639324794,0.9165693894476373,0.08429181639324794,0.08343061055236267,0.08377509288871678
LEO_ISS_like,10.0,82,1.5521111111111112,0.08429181639338779,0.9156607917989895,0.08429181639338779,0.08433920820101048,0.0843202514779614
LEO_ISS_like,10.0,83,1.5521111111111112,0.08429181639348945,0.9147560687534784,0.08429181639348945,0.08524393124652163,0.08486308530530876
LEO_ISS_like,10.0,84,1.5521111111111112,0.08429181639356337,0.913855203788335,0.08429181639356337,0.08614479621166504,0.08540360428442437
LEO_ISS_like,10.0,85,1.5521111111111112,0.0842918163936171,0.9129581804512495,0.0842918163936171,0.08704181954875045,0.08594181828669711
LEO_ISS_like,10.0,86,1.5521111111111112,0.08429181639365615,0.912064982360071,0.08429181639365615,0.08793501763992895,0.08647773714141982
LEO_ISS_like,10.0,87,1.5521111111111112,0.08429181639368455,0.9111755932025082,0.08429181639368455,0.08882440679749182,0.08701137063596891
LEO_ISS_like,10.0,88,1.5521111111111112,0.0842918163937052,0.9102899967358312,0.0842918163937052,0.08971000326416878,0.08754272851598335
LEO_ISS_like,10.0,89,1.5521111111111112,0.08429181639372021,0.9094081767865755,0.08429181639372021,0.09059182321342452,0.0880718204855428
LEO_ISS_like,10.0,90,1.5521111111111112,0.08429181639373112,0.9085301172502461,0.08429181639373112,0.09146988274975387,0.08859865620734478
LEO_ISS_like,10.0,91,1.5521111111111112,0.08429181639373905,0.9076558020910239,0.08429181639373905,0.09234419790897608,0.08912324530288127
LEO_ISS_like,10.0,92,1.5521111111111112,0.0842918163937448,0.9067852153414723,0.0842918163937448,0.09321478465852773,0.08964559735261457
LEO_ISS_like,10.0,93,1.5521111111111112,0.084291816393749,0.905918341102246,0.084291816393749,0.094081658897754,0.09016572189615199
LEO_ISS_like,10.0,94,1.5521111111111112,0.08429181639375205,0.9050551635418005,0.08429181639375205,0.09494483645819951,0.09068362843242053
LEO_ISS_like,10.0,95,1.5521111111111112,0.08429181639375427,0.9041956668961029,0.08429181639375427,0.09580433310389713,0.09119932641984
LEO_ISS_like,10.0,96,1.5521111111111112,0.08429181639375588,0.9033398354683441,0.08429181639375588,0.09666016453165593,0.09171282527649591
LEO_ISS_like,10.0,97,1.5521111111111112,0.08429181639375705,0.9024876536286521,0.08429181639375705,0.09751234637134787,0.09222413438031155
LEO_ISS_like,10.0,98,1.5521111111111112,0.0842918163937579,0.9016391058138067,0.0842918163937579,0.09836089418619332,0.09273326306921914
LEO_ISS_like,10.0,99,1.5521111111111112,0.08429181639375852,0.9007941765269549,0.08429181639375852,0.09920582347304507,0.09324022064133045
LEO_ISS_like,10.0,100,1.5521111111111112,0.08429181639375896,0.8999528503373284,0.08429181639375896,0.10004714966267159,0.09374501635510654
LEO_ISS_like,10.0,101,1.5521111111111112,0.0842918163937593,0.8991151118799613,0.0842918163937593,0.10088488812003871,0.09424765942952694
LEO_ISS_like,10.0,102,1.5521111111111112,0.08429181639375953,0.8982809458554099,0.08429181639375953,0.10171905414459015,0.0947481590442579
LEO_ISS_like,10.0,103,1.5521111111111112,0.08429181639375971,0.8974503370294727,0.08429181639375971,0.10254966297052726,0.09524652433982023
LEO_ISS_like,10.0,104,1.5521111111111112,0.08429181639375984,0.8966232702329132,0.08429181639375984,0.10337672976708678,0.095742764417756
LEO_ISS_like,10.0,105,1.5521111111111112,0.08429181639375993,0.8957997303611818,0.08429181639375993,0.10420026963881823,0.09623688834079491
LEO_ISS_like,10.0,106,1.5521111111111112,0.08429181639375999,0.8949797023741405,0.08429181639375999,0.10502029762585952,0.09672890513301971
LEO_ISS_like,10.0,107,1.5521111111111112,0.08429181639376004,0.8941631712957882,0.08429181639376004,0.10583682870421185,0.09721882378003112
LEO_ISS_like,10.0,108,1.5521111111111112,0.08429181639376007,0.8933501222139869,0.08429181639376007,0.10664987778601309,0.09770665322911189
LEO_ISS_like,10.0,109,1.5521111111111112,0.0842918163937601,0.8925405402801899,0.0842918163937601,0.10745945971981008,0.09819240238939009
LEO_ISS_like,10.0,110,1.5521111111111112,0.08429181639376013,0.89173441070917,0.08429181639376013,0.10826558929082997,0.09867608013200202
LEO_ISS_like,10.0,111,1.5521111111111112,0.08429181639376014,0.8909317187787501,0.08429181639376014,0.1090682812212499,0.09915769529025399
LEO_ISS_like,10.0,112,1.5521111111111112,0.08429181639376016,0.8901324498295338,0.08429181639376016,0.10986755017046623,0.09963725665978379
LEO_ISS_like,10.0,113,1.5521111111111112,0.08429181639376016,0.8893365892646378,0.08429181639376016,0.11066341073536223,0.1001147729987214
LEO_ISS_like,10.0,114,1.5521111111111112,0.08429181639376016,0.8885441225494256,0.08429181639376016,0.11145587745057439,0.10059025302784869
LEO_ISS_like,10.0,115,1.5521111111111112,0.08429181639376016,0.887755035211242,0.08429181639376016,0.112244964788758,0.10106370543075888
LEO_ISS_like,10.0,116,1.5521111111111112,0.08429181639376016,0.8869693128391484,0.08429181639376016,0.11303068716085163,0.10153513885401505
LEO_ISS_like,10.0,117,1.5521111111111112,0.08429181639376016,0.8861869410836599,0.08429181639376016,0.11381305891634008,0.10200456190730811
LEO_ISS_like,10.0,118,1.5521111111111112,0.08429181639376016,0.8854079056564833,0.08429181639376016,0.11459209434351669,0.10247198316361408
LEO_ISS_like,10.0,119,1.5521111111111112,0.08429181639376016,0.8846321923302561,0.08429181639376016,0.11536780766974386,0.10293741115935037
LEO_ISS_like,10.0,120,1.5521111111111112,0.08429181639376016,0.8838597869382867,0.08429181639376016,0.1161402130617133,0.10340085439453203
LEO_ISS_like,10.0,121,1.5521111111111112,0.08429181639376016,0.8830906753742954,0.08429181639376016,0.11690932462570458,0.1038623213329268
LEO_ISS_like,10.0,122,1.5521111111111112,0.08429181639376016,0.8823248435921571,0.08429181639376016,0.11767515640784287,0.10432182040220978
LEO_ISS_like,10.0,123,1.5521111111111112,0.08429181639376016,0.8815622776056448,0.08429181639376016,0.11843772239435524,0.1047793599941172
LEO_ISS_like,10.0,124,1.5521111111111112,0.08429181639376016,0.8808029634881738,0.08429181639376016,0.11919703651182623,0.1052349484645998
LEO_ISS_like,10.0,125,1.5521111111111112,0.08429181639376016,0.8800468873725479,0.08429181639376016,0.11995311262745212,0.10568859413397533
LEO_ISS_like,10.0,126,1.5521111111111112,0.08429181639376016,0.8792940354507056,0.08429181639376016,0.12070596454929439,0.10614030528708068
LEO_ISS_like,10.0,127,1.5521111111111112,0.08429181639376016,0.8785443939734684,0.08429181639376016,0.1214556060265316,0.10659009017342302
LEO_ISS_like,10.0,128,1.5521111111111112,0.08429181639376016,0.8777979492502893,0.08429181639376016,0.12220205074971069,0.10703795700733049
LEO_ISS_like,10.0,129,1.5521111111111112,0.08429181639376016,0.8770546876490031,0.08429181639376016,0.12294531235099693,0.10748391396810222
LEO_ISS_like,10.0,130,1.5521111111111112,0.08429181639376016,0.8763145955955771,0.08429181639376016,0.12368540440442288,0.10792796920015779
LEO_ISS_like,10.0,131,1.5521111111111112,0.08429181639376016,0.8755776595738637,0.08429181639376016,0.12442234042613631,0.10837013081318586
LEO_ISS_like,10.0,132,1.5521111111111112,0.08429181639376016,0.8748438661253529,0.08429181639376016,0.12515613387464708,0.10881040688229232
LEO_ISS_like,10.0,133,1.5521111111111112,0.08429181639376016,0.8741132018489272,0.08429181639376016,0.12588679815107284,0.10924880544814777
LEO_ISS_like,10.0,134,1.5521111111111112,0.08429181639376016,0.8733856534006162,0.08429181639376016,0.12661434659938375,0.1096853345171343
LEO_ISS_like,10.0,135,1.5521111111111112,0.08429181639376016,0.8726612074933535,0.08429181639376016,0.12733879250664648,0.11012000206149195
LEO_ISS_like,10.0,136,1.5521111111111112,0.08429181639376016,0.8719398508967336,0.08429181639376016,0.12806014910326635,0.11055281601946387
LEO_ISS_like,10.0,137,1.5521111111111112,0.08429181639376016,0.8712215704367706,0.08429181639376016,0.12877842956322938,0.1109837842954417
LEO_ISS_like,10.0,138,1.5521111111111112,0.08429181639376016,0.8705063529956573,0.08429181639376016,0.12949364700434274,0.1114129147601097
LEO_ISS_like,10.0,139,1.5521111111111112,0.08429181639376016,0.8697941855115257,0.08429181639376016,0.13020581448847435,0.11184021525058868
LEO_ISS_like,10.0,140,1.5521111111111112,0.08429181639376016,0.8690850549782086,0.08429181639376016,0.13091494502179135,0.11226569357057886
LEO_ISS_like,10.0,141,1.5521111111111112,0.08429181639376016,0.8683789484450023,0.08429181639376016,0.1316210515549977,0.11268935749050268
LEO_ISS_like,10.0,142,1.5521111111111112,0.08429181639376016,0.8676758530164294,0.08429181639376016,0.13232414698357065,0.11311121474764646
LEO_ISS_like,10.0,143,1.5521111111111112,0.08429181639376016,0.8669757558520037,0.08429181639376016,0.1330242441479963,0.11353127304630184
LEO_ISS_like,10.0,144,1.5521111111111112,0.08429181639376016,0.8662786441659959,0.08429181639376016,0.13372135583400413,0.11394954005790653
LEO_ISS_like,10.0,145,1.5521111111111112,0.08429181639376016,0.8655845052271998,0.08429181639376016,0.13441549477280024,0.11436602342118421
LEO_ISS_like,10.0,146,1.5521111111111112,0.08429181639376016,0.8648933263586998,0.08429181639376016,0.13510667364130025,0.1147807307422842
LEO_ISS_like,10.0,147,1.5521111111111112,0.08429181639376016,0.8642050949376394,0.08429181639376016,0.13579490506236058,0.11519366959492042
LEO_ISS_like,10.0,148,1.5521111111111112,0.08429181639376016,0.8635197983949909,0.08429181639376016,0.13648020160500907,0.11560484752050951
LEO_ISS_like,10.0,149,1.5521111111111112,0.08429181639376016,0.8628374242153256,0.08429181639376016,0.1371625757846744,0.11601427202830869
LEO_ISS_like,10.0,150,1.5521111111111112,0.08429181639376016,0.8621579599365853,0.08429181639376016,0.13784204006341472,0.11642195059555288
LEO_ISS_like,10.0,151,1.5521111111111112,0.08429181639376016,0.8614813931498546,0.08429181639376016,0.1385186068501454,0.1168278906675913
LEO_ISS_like,10.0,152,1.5521111111111112,0.08429181639376016,0.8608077114991346,0.08429181639376016,0.1391922885008654,0.11723209965802331
LEO_ISS_like,10.0,153,1.5521111111111112,0.08429181639376016,0.860136902681117,0.08429181639376016,0.13986309731888302,0.11763458494883389
LEO_ISS_like,10.0,154,1.5521111111111112,0.08429181639376016,0.8594689544449592,0.08429181639376016,0.1405310455550408,0.11803535389052855
LEO_ISS_like,10.0,155,1.5521111111111112,0.08429181639376016,0.8588038545920611,0.08429181639376016,0.1411961454079389,0.11843441380226741
LEO_ISS_like,10.0,156,1.5521111111111112,0.08429181639376016,0.858141590975842,0.08429181639376016,0.14185840902415803,0.11883177197199887
LEO_ISS_like,10.0,157,1.5521111111111112,0.08429181639376016,0.8574821515015186,0.08429181639376016,0.14251784849848137,0.11922743565659288
LEO_ISS_like,10.0,158,1.5521111111111112,0.08429181639376016,0.8568255241258846,0.08429181639376016,0.14317447587411536,0.11962141208197327
LEO_ISS_like,10.0,159,1.5521111111111112,0.08429181639376016,0.8561716968570904,0.08429181639376016,0.14382830314290962,0.12001370844324982
LEO_ISS_like,10.0,160,1.5521111111111112,0.08429181639376016,0.855520657754424,0.08429181639376016,0.14447934224557601,0.12040433190484967
LEO_ISS_like,10.0,161,1.5521111111111112,0.08429181639376016,0.8548723949280932,0.08429181639376016,0.1451276050719068,0.12079328960064814
LEO_ISS_like,10.0,162,1.5521111111111112,0.08429181639376016,0.8542268965390083,0.08429181639376016,0.1457731034609917,0.12118058863409908
LEO_ISS_like,10.0,163,1.5521111111111112,0.08429181639376016,0.8535841507985661,0.08429181639376016,0.1464158492014339,0.12156623607836442
LEO_ISS_like,10.0,164,1.5521111111111112,0.08429181639376016,0.8529441459684344,0.08429181639376016,0.14705585403156562,0.12195023897644344
LEO_ISS_like,10.0,165,1.5521111111111112,0.08429181639376016,0.8523068703603375,0.08429181639376016,0.14769312963966252,0.12233260434130158
LEO_ISS_like,10.0,166,1.5521111111111112,0.08429181639376016,0.8516723123358432,0.08429181639376016,0.14832768766415683,0.12271333915599816
LEO_ISS_like,10.0,167,1.5521111111111112,0.08429181639376016,0.8510404603061497,0.08429181639376016,0.14895953969385034,0.12309245037381428
LEO_ISS_like,10.0,168,1.5521111111111112,0.08429181639376016,0.8504113027318744,0.08429181639376016,0.14958869726812563,0.12346994491837943
LEO_ISS_like,10.0,169,1.5521111111111112,0.08429181639376016,0.849784828122843,0.08429181639376016,0.15021517187715705,0.12384582968379829
LEO_ISS_like,10.0,170,1.5521111111111112,0.08429181639376016,0.8491610250378794,0.08429181639376016,0.15083897496212062,0.12422011153477644
LEO_ISS_like,10.0,171,1.5521111111111112,0.08429181639376016,0.8485398820845973,0.08429181639376016,0.1514601179154027,0.12459279730674569
LEO_ISS_like,10.0,172,1.5521111111111112,0.08429181639376016,0.8479213879191917,0.08429181639376016,0.1520786120808083,0.12496389380598905
LEO_ISS_like,10.0,173,1.5521111111111112,0.08429181639376016,0.8473055312462318,0.08429181639376016,0.15269446875376824,0.125333407809765
LEO_ISS_like,10.0,174,1.5521111111111112,0.08429181639376016,0.8466923008184547,0.08429181639376016,0.1533076991815453,0.12570134606643124
LEO_ISS_like,10.0,175,1.5521111111111112,0.08429181639376016,0.8460816854365604,0.08429181639376016,0.15391831456343963,0.12606771529556784
LEO_ISS_like,10.0,176,1.5521111111111112,0.08429181639376016,0.8454736739490065,0.08429181639376016,0.15452632605099348,0.12643252218810014
LEO_ISS_like,10.0,177,1.5521111111111112,0.08429181639376016,0.8448682552518055,0.08429181639376016,0.15513174474819447,0.12679577340642073
LEO_ISS_like,10.0,178,1.5521111111111112,0.08429181639376016,0.8442654182883211,0.08429181639376016,0.15573458171167887,0.12715747558451138
LEO_ISS_like,10.0,179,1.5521111111111112,0.08429181639376016,0.8436651520490668,0.08429181639376016,0.15633484795093322,0.12751763532806398
LEO_ISS_like,10.0,180,1.5521111111111112,0.08429181639376016,0.8430674455715046,0.08429181639376016,0.1569325544284954,0.1278762592146013
LEO_ISS_like,20.0,0,1.1252777777777778,0.0,1.0,0.0,0.0,0.0
LEO_ISS_like,20.0,1,1.1252777777777778,0.016737511658950988,1.0,0.016737511658950988,0.0,0.0066950046635803956
LEO_ISS_like,20.0,2,1.1252777777777778,0.02901050110663071,0.9997489373251157,0.02901050110663071,0.0002510626748842837,0.011754838047582854
LEO_ISS_like,20.0,3,1.1252777777777778,0.03800982388841978,0.999314642248351,0.03800982388841978,0.0006853577516490184,0.015615144206357325
LEO_ISS_like,20.0,4,1.1252777777777778,0.04460868970477872,0.9987469417181912,0.04460868970477872,0.001253058281808772,0.018595310850996753
LEO_ISS_like,20.0,5,1.1252777777777778,0.049447390473510766,0.9980824090067861,0.049447390473510766,0.001917590993213869,0.02092951078533263
LEO_ISS_like,20.0,6,1.1252777777777778,0.05299542823952898,0.9973478732207223,0.05299542823952898,0.0026521267792777303,0.02278944736337823
LEO_ISS_like,20.0,7,1.1252777777777778,0.05559707124056751,0.9965630064363834,0.05559707124056751,0.003436993563616597,0.024301024634396963
LEO_ISS_like,20.0,8,1.1252777777777778,0.05750475846128409,0.9957422276501059,0.05750475846128409,0.004257772349894107,0.025556566794450102
LEO_ISS_like,20.0,9,1.1252777777777778,0.05890359393972315,0.9948961022227948,0.05890359393972315,0.005103897777205213,0.026623776242212387
LEO_ISS_like,20.0,10,1.1252777777777778,0.059929307523423125,0.9940323695758633,0.059929307523423125,0.005967630424136727,0.02755230126385129
LEO_ISS_like,20.0,11,1.1252777777777778,0.06068142481813218,0.9931566973936674,0.06068142481813218,0.006843302606332591,0.028378551491052426
LEO_ISS_like,20.0,12,1.1252777777777778,0.061232924217174876,0.9922732348495036,0.061232924217174876,0.007726765150496417,0.029129228777167802
LEO_ISS_like,20.0,13,1.1252777777777778,0.06163731803883552,0.991385018268071,0.06163731803883552,0.008614981731928983,0.0298239162546916
LEO_ISS_like,20.0,14,1.1252777777777778,0.06193384485877615,0.9904942685082179,0.06193384485877615,0.009505731491782132,0.030476976838579743
LEO_ISS_like,20.0,15,1.1252777777777778,0.06215127685262567,0.9896026089273038,0.06215127685262567,0.010397391072696216,0.031098945384667998
LEO_ISS_like,20.0,16,1.1252777777777778,0.06231071157748073,0.988711225114699,0.06231071157748073,0.011288774885301,0.03169754956217289
LEO_ISS_like,20.0,17,1.1252777777777778,0.06242761908055592,0.9878209819396319,0.06242761908055592,0.01217901806036814,0.03227845846844325
LEO_ISS_like,20.0,18,1.1252777777777778,0.06251334296716657,0.9869325093141084,0.06251334296716657,0.013067490685891636,0.03284583159840161
LEO_ISS_like,20.0,19,1.1252777777777778,0.06257620107757296,0.986046265029563,0.06257620107757296,0.013953734970436948,0.033402721413291356
LEO_ISS_like,20.0,20,1.1252777777777778,0.06262229257202197,0.9851625807941902,0.06262229257202197,0.014837419205809832,0.03395136855229469
LEO_ISS_like,20.0,21,1.1252777777777778,0.06265608973593301,0.9842816959613251,0.06265608973593301,0.015718304038674913,0.034493418317578156
LEO_ISS_like,20.0,22,1.1252777777777778,0.06268087192844128,0.9834037822394273,0.06268087192844128,0.01659621776057274,0.03503007942772016
LEO_ISS_like,20.0,23,1.1252777777777778,0.06269904378058645,0.9825289617947816,0.06269904378058645,0.017471038205218448,0.035562240435365655
LEO_ISS_like,20.0,24,1.1252777777777778,0.06271236851810819,0.9816573205135283,0.06271236851810819,0.018342679486471725,0.036090555099126315
LEO_ISS_like,20.0,25,1.1252777777777778,0.06272213904829986,0.9807889177173496,0.06272213904829986,0.01921108228265045,0.03661550498891022
LEO_ISS_like,20.0,26,1.1252777777777778,0.06272930341158062,0.979923793281086,0.06272930341158062,0.02007620671891397,0.03713744539598063
LEO_ISS_like,20.0,27,1.1252777777777778,0.06273455677042725,0.9790619728470085,0.06273455677042725,0.020938027152991534,0.03765663899996582
LEO_ISS_like,20.0,28,1.1252777777777778,0.06273840886140727,0.9782034716447073,0.06273840886140727,0.021796528355292666,0.03817328055773851
LEO_ISS_like,20.0,29,1.1252777777777778,0.0627412334552246,0.9773482972894678,0.0627412334552246,0.022651702710532184,0.038687515008409154
LEO_ISS_like,20.0,30,1.1252777777777778,0.06274330462391565,0.9764964518322898,0.06274330462391565,0.023503548167710164,0.03919945075019236
LEO_ISS_like,20.0,31,1.1252777777777778,0.06274482333422382,0.9756479332616707,0.06274482333422382,0.024352066738329348,0.039709169376687135
LEO_ISS_like,20.0,32,1.1252777777777778,0.06274593694752346,0.974802736603752,0.06274593694752346,0.02519726339624795,0.04021673281675815
LEO_ISS_like,20.0,33,1.1252777777777778,0.0627467535183826,0.9739608547282326,0.0627467535183826,0.026039145271767428,0.0407221885704135
LEO_ISS_like,20.0,34,1.1252777777777778,0.06274735227916269,0.973122278938725,0.06274735227916269,0.02687772106127495,0.041225573548430046
LEO_ISS_like,20.0,35,1.1252777777777778,0.06274779132798221,0.9722869994051998,0.06274779132798221,0.027713000594800197,0.04172691688807301
LEO_ISS_like,20.0,36,1.1252777777777778,0.06274811326601212,0.9714550054807404,0.06274811326601212,0.028544994519259625,0.04222624201796063
LEO_ISS_like,20.0,37,1.1252777777777778,0.06274834933109302,0.970626285933547,0.06274834933109302,0.02937371406645295,0.042723568172308976
LEO_ISS_like,20.0,38,1.1252777777777778,0.06274852242876165,0.969800829116851,0.06274852242876165,0.03019917088314905,0.04321891150139409
LEO_ISS_like,20.0,39,1.1252777777777778,0.06274864935478888,0.9689786230933414,0.06274864935478888,0.031021376906658626,0.04371228588591073
LEO_ISS_like,20.0,40,1.1252777777777778,0.06274874242488344,0.9681596557262698,0.06274874242488344,0.03184034427373017,0.04420370353419148
LEO_ISS_like,20.0,41,1.1252777777777778,0.06274881066969257,0.967343914746141,0.06274881066969257,0.03265608525385899,0.044693175420192424
LEO_ISS_like,20.0,42,1.1252777777777778,0.06274886071105112,0.9665313877995193,0.06274886071105112,0.033468612200480696,0.045180711604708865
LEO_ISS_like,20.0,43,1.1252777777777778,0.06274889740450222,0.9657220624847324,0.06274889740450222,0.03427793751526764,0.045666321470961474
LEO_ISS_like,20.0,44,1.1252777777777778,0.06274892431043348,0.9649159263779764,0.06274892431043348,0.03508407362202359,0.04615001389738755
LEO_ISS_like,20.0,45,1.1252777777777778,0.06274894403954359,0.9641129670523891,0.06274894403954359,0.035887032947610864,0.04663179738438396
LEO_ISS_like,20.0,46,1.1252777777777778,0.06274895850615995,0.9633131720919714,0.06274895850615995,0.036686827908028574,0.04711168014728113
LEO_ISS_like,20.0,47,1.1252777777777778,0.06274896911398707,0.962516529101735,0.06274896911398707,0.03748347089826498,0.04758967018455382
LEO_ISS_like,20.0,48,1.1252777777777778,0.06274897689230878,0.9617230257150852,0.06274897689230878,0.03827697428491483,0.048065775327872415
LEO_ISS_like,20.0,49,1.1252777777777778,0.06274898259586031,0.9609326495991789,0.06274898259586031,0.0390673504008211,0.048540003278836785
LEO_ISS_like,20.0,50,1.1252777777777778,0.0627489867780607,0.9601453884587989,0.0627489867780607,0.03985461154120107,0.049012361635944926
LEO_ISS_like,20.0,51,1.1252777777777778,0.06274898984471136,0.9593612300391413,0.06274898984471136,0.04063876996085869,0.049482857914399755
LEO_ISS_like,20.0,52,1.1252777777777778,0.06274899209337126,0.9585801621278068,0.06274899209337126,0.041419837872193166,0.0499514995606644
LEO_ISS_like,20.0,53,1.1252777777777778,0.06274899374222921,0.9578021725562101,0.06274899374222921,0.04219782744378986,0.0504182939631656
LEO_ISS_like,20.0,54,1.1252777777777778,0.0627489949512749,0.9570272492005611,0.0627489949512749,0.04297275079943885,0.050883248460173267
LEO_ISS_like,20.0,55,1.1252777777777778,0.06274899583782273,0.9562553799825347,0.06274899583782273,0.04374462001746526,0.05134637034560825
LEO_ISS_like,20.0,56,1.1252777777777778,0.062748996487895,0.9554865528697108,0.062748996487895,0.04451344713028915,0.05180766687333149
LEO_ISS_like,20.0,57,1.1252777777777778,0.06274899696456862,0.9547207558758479,0.06274899696456862,0.045279244124152074,0.05226714526031869
LEO_ISS_like,20.0,58,1.1252777777777778,0.0627489973140955,0.9539579770610335,0.0627489973140955,0.04604202293896653,0.052724812689018116
LEO_ISS_like,20.0,59,1.1252777777777778,0.06274899757039046,0.953198204531745,0.06274899757039046,0.046801795468255025,0.0531806763091092
LEO_ISS_like,20.0,60,1.1252777777777778,0.06274899775832193,0.9524414264408458,0.06274899775832193,0.04755857355915416,0.05363474323882127
LEO_ISS_like,20.0,61,1.1252777777777778,0.06274899789612504,0.9516876309875333,0.06274899789612504,0.048312369012466716,0.054087020565930045
LEO_ISS_like,20.0,62,1.1252777777777778,0.06274899799717087,0.9509368064172516,0.06274899799717087,0.049063193582748355,0.05453751534851736
LEO_ISS_like,20.0,63,1.1252777777777778,0.062748998071264,0.9501889410215802,0.062748998071264,0.04981105897841975,0.05498623461555745
LEO_ISS_like,20.0,64,1.1252777777777778,0.0627489981255937,0.949444023138103,0.0627489981255937,0.050555976861896945,0.055433185367375654
LEO_ISS_like,20.0,65,1.1252777777777778,0.06274899816543164,0.948702041150265,0.06274899816543164,0.05129795884973498,0.05587837457601365
LEO_ISS_like,20.0,66,1.1252777777777778,0.06274899819464332,0.9479629834872191,0.06274899819464332,0.05203701651278092,0.05632180918552588
LEO_ISS_like,20.0,67,1.1252777777777778,0.06274899821606314,0.947226838623666,0.06274899821606314,0.05277316137633403,0.05676349611222568
LEO_ISS_like,20.0,68,1.1252777777777778,0.06274899823176949,0.9464935950796899,0.06274899823176949,0.05350640492031011,0.05720344224489386
LEO_ISS_like,20.0,69,1.1252777777777778,0.06274899824328636,0.9457632414205903,0.06274899824328636,0.05423675857940968,0.057641654444960354
LEO_ISS_like,20.0,70,1.1252777777777778,0.06274899825173126,0.9450357662567116,0.06274899825173126,0.054964233743288404,0.05807813954666555
LEO_ISS_like,20.0,71,1.1252777777777778,0.06274899825792359,0.9443111582432715,0.06274899825792359,0.0556888417567285,0.05851290435720653
LEO_ISS_like,20.0,72,1.1252777777777778,0.06274899826246419,0.9435894060801885,0.06274899826246419,0.056410593919811514,0.058945955656872585
LEO_ISS_like,20.0,73,1.1252777777777778,0.06274899826579364,0.9428704985119088,0.06274899826579364,0.05712950148809115,0.059377300199172145
LEO_ISS_like,20.0,74,1.1252777777777778,0.062748998268235,0.9421544243272333,0.062748998268235,0.057845575672766714,0.05980694471095403
LEO_ISS_like,20.0,75,1.1252777777777778,0.06274899827002517,0.9414411723591438,0.06274899827002517,0.05855882764085618,0.060234895892523774
LEO_ISS_like,20.0,76,1.1252777777777778,0.06274899827133783,0.9407307314846309,0.06274899827133783,0.05926926851536907,0.06066116041775657
LEO_ISS_like,20.0,77,1.1252777777777778,0.06274899827230035,0.9400230906245212,0.06274899827230035,0.05997690937547884,0.06108574493420744
LEO_ISS_like,20.0,78,1.1252777777777778,0.06274899827300612,0.9393182387433048,0.06274899827300612,0.06068176125669522,0.06150865606321958
LEO_ISS_like,20.0,79,1.1252777777777778,0.06274899827352365,0.9386161648489643,0.06274899827352365,0.06138383515103574,0.06192990040003091
LEO_ISS_like,20.0,80,1.1252777777777778,0.06274899827390312,0.9379168579928032,0.06274899827390312,0.06208314200719678,0.06234948451387932
LEO_ISS_like,20.0,81,1.1252777777777778,0.06274899827418137,0.937220307269276,0.06274899827418137,0.06277969273072403,0.06276741494810698
LEO_ISS_like,20.0,82,1.1252777777777778,0.0627489982743854,0.9365265018158176,0.0627489982743854,0.06347349818418235,0.06318369822026357
LEO_ISS_like,20.0,83,1.1252777777777778,0.06274899827453502,0.9358354308126748,0.06274899827453502,0.06416456918732516,0.06359834082220911
LEO_ISS_like,20.0,84,1.1252777777777778,0.06274899827464472,0.9351470834827371,0.06274899827464472,0.06485291651726288,0.06401134922021562
LEO_ISS_like,20.0,85,1.1252777777777778,0.06274899827472517,0.934461449091369,0.06274899827472517,0.06553855090863103,0.0644227298550687
LEO_ISS_like,20.0,86,1.1252777777777778,0.06274899827478417,0.9337785169462424,0.06274899827478417,0.06622148305375763,0.06483248914216824
LEO_ISS_like,20.0,87,1.1252777777777778,0.06274899827482741,0.9330982763971702,0.06274899827482741,0.06690172360282975,0.06524063347162881
LEO_ISS_like,20.0,88,1.1252777777777778,0.06274899827485914,0.9324207168359404,0.06274899827485914,0.06757928316405959,0.0656471692083794
LEO_ISS_like,20.0,89,1.1252777777777778,0.0627489982748824,0.9317458276961499,0.0627489982748824,0.06825417230385011,0.06605210269226303
LEO_ISS_like,20.0,90,1.1252777777777778,0.06274899827489944,0.9310735984530404,0.06274899827489944,0.06892640154695961,0.06645544023813554
LEO_ISS_like,20.0,91,1.1252777777777778,0.06274899827491194,0.9304040186233342,0.06274899827491194,0.06959598137666578,0.06685718813596425
LEO_ISS_like,20.0,92,1.1252777777777778,0.06274899827492111,0.9297370777650708,0.06274899827492111,0.07026292223492925,0.067257352650926
LEO_ISS_like,20.0,93,1.1252777777777778,0.06274899827492783,0.9290727654774433,0.06274899827492783,0.07092723452255667,0.06765594002350514
LEO_ISS_like,20.0,94,1.1252777777777778,0.06274899827493276,0.9284110714006376,0.06274899827493276,0.07158892859936239,0.06805295646959053
LEO_ISS_like,20.0,95,1.1252777777777778,0.06274899827493638,0.9277519852156695,0.06274899827493638,0.07224801478433052,0.06844840818057286
LEO_ISS_like,20.0,96,1.1252777777777778,0.06274899827493903,0.9270954966442245,0.06274899827493903,0.07290450335577547,0.06884230132344091
LEO_ISS_like,20.0,97,1.1252777777777778,0.06274899827494097,0.9264415954484974,0.06274899827494097,0.07355840455150264,0.06923464204087798
LEO_ISS_like,20.0,98,1.1252777777777778,0.0627489982749424,0.9257902714310324,0.0627489982749424,0.07420972856896757,0.06962543645135749
LEO_ISS_like,20.0,99,1.1252777777777778,0.06274899827494344,0.9251415144345646,0.06274899827494344,0.0748584855654354,0.07001469064923861
LEO_ISS_like,20.0,100,1.1252777777777778,0.0627489982749442,0.9244953143418609,0.0627489982749442,0.07550468565813906,0.07040241070486111
LEO_ISS_like,20.0,101,1.1252777777777778,0.06274899827494476,0.9238516610755629,0.06274899827494476,0.07614833892443706,0.07078860266464014
LEO_ISS_like,20.0,102,1.1252777777777778,0.06274899827494518,0.9232105445980292,0.06274899827494518,0.0767894554019708,0.07117327255116054
LEO_ISS_like,20.0,103,1.1252777777777778,0.06274899827494548,0.9225719549111793,0.06274899827494548,0.07742804508882073,0.07155642636327064
LEO_ISS_like,20.0,104,1.1252777777777778,0.0627489982749457,0.9219358820563373,0.0627489982749457,0.07806411794366275,0.07193807007617593
LEO_ISS_like,20.0,105,1.1252777777777778,0.06274899827494587,0.9213023161140768,0.06274899827494587,0.07869768388592324,0.0723182096415323
LEO_ISS_like,20.0,106,1.1252777777777778,0.06274899827494598,0.9206712472040663,0.06274899827494598,0.07932875279593365,0.07269685098753859
LEO_ISS_like,20.0,107,1.1252777777777778,0.06274899827494607,0.9200426654849151,0.06274899827494607,0.07995733451508491,0.07307400001902938
LEO_ISS_like,20.0,108,1.1252777777777778,0.06274899827494614,0.9194165611540195,0.06274899827494614,0.08058343884598052,0.07344966261756676
LEO_ISS_like,20.0,109,1.1252777777777778,0.06274899827494618,0.9187929244474102,0.06274899827494618,0.08120707555258977,0.07382384464153233
LEO_ISS_like,20.0,110,1.1252777777777778,0.0627489982749462,0.9181717456396002,0.0627489982749462,0.08182825436039975,0.07419655192621834
LEO_ISS_like,20.0,111,1.1252777777777778,0.06274899827494623,0.9175530150434328,0.06274899827494623,0.08244698495656722,0.07456779028391883
LEO_ISS_like,20.0,112,1.1252777777777778,0.06274899827494626,0.9169367230099305,0.06274899827494626,0.08306327699006955,0.07493756550402023
LEO_ISS_like,20.0,113,1.1252777777777778,0.06274899827494627,0.9163228599281449,0.06274899827494627,0.08367714007185512,0.07530588335309157
LEO_ISS_like,20.0,114,1.1252777777777778,0.06274899827494629,0.9157114162250066,0.06274899827494629,0.08428858377499338,0.07567274957497454
LEO_ISS_like,20.0,115,1.1252777777777778,0.06274899827494629,0.9151023823651758,0.06274899827494629,0.08489761763482417,0.07603816989087302
LEO_ISS_like,20.0,116,1.1252777777777778,0.06274899827494629,0.9144957488508938,0.06274899827494629,0.0855042511491062,0.07640214999944223
LEO_ISS_like,20.0,117,1.1252777777777778,0.06274899827494629,0.9138915062218348,0.06274899827494629,0.08610849377816521,0.07676469557687764
LEO_ISS_like,20.0,118,1.1252777777777778,0.06274899827494629,0.9132896450549582,0.06274899827494629,0.08671035494504176,0.07712581227700357
LEO_ISS_like,20.0,119,1.1252777777777778,0.06274899827494629,0.9126901559643622,0.06274899827494629,0.0873098440356378,0.07748550573136119
LEO_ISS_like,20.0,120,1.1252777777777778,0.06274899827494629,0.9120930296011366,0.06274899827494629,0.08790697039886342,0.07784378154929655
LEO_ISS_like,20.0,121,1.1252777777777778,0.06274899827494629,0.9114982566532177,0.06274899827494629,0.08850174334678229,0.07820064531804788
LEO_ISS_like,20.0,122,1.1252777777777778,0.06274899827494629,0.9109058278452428,0.06274899827494629,0.08909417215475723,0.07855610260283286
LEO_ISS_like,20.0,123,1.1252777777777778,0.06274899827494629,0.9103157339384056,0.06274899827494629,0.08968426606159441,0.07891015894693515
LEO_ISS_like,20.0,124,1.1252777777777778,0.06274899827494629,0.909727965730312,0.06274899827494629,0.090272034269688,0.07926281987179132
LEO_ISS_like,20.0,125,1.1252777777777778,0.06274899827494629,0.9091425140548368,0.06274899827494629,0.09085748594516319,0.07961409087707642
LEO_ISS_like,20.0,126,1.1252777777777778,0.06274899827494629,0.9085593697819807,0.06274899827494629,0.09144063021801929,0.07996397744079009
LEO_ISS_like,20.0,127,1.1252777777777778,0.06274899827494629,0.9079785238177277,0.06274899827494629,0.0920214761822723,0.08031248501934189
LEO_ISS_like,20.0,128,1.1252777777777778,0.06274899827494629,0.9073999671039036,0.06274899827494629,0.09260003289609642,0.08065961904763636
LEO_ISS_like,20.0,129,1.1252777777777778,0.06274899827494629,0.9068236906180346,0.06274899827494629,0.09317630938196542,0.08100538493915777
LEO_ISS_like,20.0,130,1.1252777777777778,0.06274899827494629,0.9062496853732064,0.06274899827494629,0.09375031462679362,0.08134978808605468
LEO_ISS_like,20.0,131,1.1252777777777778,0.06274899827494629,0.9056779424179244,0.06274899827494629,0.09432205758207557,0.08169283385922385
LEO_ISS_like,20.0,132,1.1252777777777778,0.06274899827494629,0.9051084528359741,0.06274899827494629,0.09489154716402592,0.08203452760839407
LEO_ISS_like,20.0,133,1.1252777777777778,0.06274899827494629,0.9045412077462816,0.06274899827494629,0.09545879225371845,0.08237487466220958
LEO_ISS_like,20.0,134,1.1252777777777778,0.06274899827494629,0.9039761983027753,0.06274899827494629,0.09602380169722469,0.08271388032831332
LEO_ISS_like,20.0,135,1.1252777777777778,0.06274899827494629,0.9034134156942486,0.06274899827494629,0.0965865843057514,0.08305154989342936
LEO_ISS_like,20.0,136,1.1252777777777778,0.06274899827494629,0.9028528511442214,0.06274899827494629,0.09714714885577858,0.08338788862344565
LEO_ISS_like,20.0,137,1.1252777777777778,0.06274899827494629,0.9022944959108041,0.06274899827494629,0.09770550408919587,0.08372290176349603
LEO_ISS_like,20.0,138,1.1252777777777778,0.06274899827494629,0.9017383412865607,0.06274899827494629,0.09826165871343928,0.08405659453804208
LEO_ISS_like,20.0,139,1.1252777777777778,0.06274899827494629,0.9011843785983734,0.06274899827494629,0.09881562140162659,0.08438897215095446
LEO_ISS_like,20.0,140,1.1252777777777778,0.06274899827494629,0.9006325992073071,0.06274899827494629,0.0993674007926929,0.08472003978559425
LEO_ISS_like,20.0,141,1.1252777777777778,0.06274899827494629,0.9000829945084748,0.06274899827494629,0.09991700549152516,0.08504980260489362
LEO_ISS_like,20.0,142,1.1252777777777778,0.06274899827494629,0.8995355559309036,0.06274899827494629,0.10046444406909638,0.08537826575143634
LEO_ISS_like,20.0,143,1.1252777777777778,0.06274899827494629,0.8989902749374005,0.06274899827494629,0.10100972506259953,0.08570543434753823
LEO_ISS_like,20.0,144,1.1252777777777778,0.06274899827494629,0.8984471430244196,0.06274899827494629,0.10155285697558036,0.08603131349532672
LEO_ISS_like,20.0,145,1.1252777777777778,0.06274899827494629,0.8979061517219298,0.06274899827494629,0.10209384827807022,0.08635590827682064
LEO_ISS_like,20.0,146,1.1252777777777778,0.06274899827494629,0.8973672925932821,0.06274899827494629,0.10263270740671793,0.08667922375400927
LEO_ISS_like,20.0,147,1.1252777777777778,0.06274899827494629,0.8968305572350783,0.06274899827494629,0.10316944276492168,0.08700126496893151
LEO_ISS_like,20.0,148,1.1252777777777778,0.06274899827494629,0.8962959372770402,0.06274899827494629,0.10370406272295984,0.08732203694375443
LEO_ISS_like,20.0,149,1.1252777777777778,0.06274899827494629,0.8957634243818785,0.06274899827494629,0.1042365756181215,0.0876415446808514
LEO_ISS_like,20.0,150,1.1252777777777778,0.06274899827494629,0.8952330102451634,0.06274899827494629,0.10476698975483656,0.08795979316288045
LEO_ISS_like,20.0,151,1.1252777777777778,0.06274899827494629,0.8947046865951948,0.06274899827494629,0.10529531340480525,0.08827678735286167
LEO_ISS_like,20.0,152,1.1252777777777778,0.06274899827494629,0.8941784451928729,0.06274899827494629,0.10582155480712707,0.08859253219425475
LEO_ISS_like,20.0,153,1.1252777777777778,0.06274899827494629,0.8936542778315708,0.06274899827494629,0.10634572216842919,0.08890703261103602
LEO_ISS_like,20.0,154,1.1252777777777778,0.06274899827494629,0.8931321763370054,0.06274899827494629,0.10686782366299463,0.08922029350777529
LEO_ISS_like,20.0,155,1.1252777777777778,0.06274899827494629,0.8926121325671103,0.06274899827494629,0.10738786743288975,0.08953231976971236
LEO_ISS_like,20.0,156,1.1252777777777778,0.06274899827494629,0.8920941384119092,0.06274899827494629,0.10790586158809079,0.08984311626283299
LEO_ISS_like,20.0,157,1.1252777777777778,0.06274899827494629,0.891578185793389,0.06274899827494629,0.10842181420661101,0.09015268783394512
LEO_ISS_like,20.0,158,1.1252777777777778,0.06274899827494629,0.8910642666653739,0.06274899827494629,0.10893573333462614,0.0904610393107542
LEO_ISS_like,20.0,159,1.1252777777777778,0.06274899827494629,0.8905523730134,0.06274899827494629,0.10944762698660004,0.09076817550193854
LEO_ISS_like,20.0,160,1.1252777777777778,0.06274899827494629,0.8900424968545902,0.06274899827494629,0.10995750314540975,0.09107410119722437
LEO_ISS_like,20.0,161,1.1252777777777778,0.06274899827494629,0.8895346302375301,0.06274899827494629,0.1104653697624699,0.09137882116746045
LEO_ISS_like,20.0,162,1.1252777777777778,0.06274899827494629,0.8890287652421434,0.06274899827494629,0.11097123475785664,0.0916823401646925
LEO_ISS_like,20.0,163,1.1252777777777778,0.06274899827494629,0.8885248939795686,0.06274899827494629,0.11147510602043142,0.09198466292223736
LEO_ISS_like,20.0,164,1.1252777777777778,0.06274899827494629,0.8880230085920363,0.06274899827494629,0.11197699140796369,0.09228579415475673
LEO_ISS_like,20.0,165,1.1252777777777778,0.06274899827494629,0.8875231012527464,0.06274899827494629,0.11247689874725364,0.0925857385583307
LEO_ISS_like,20.0,166,1.1252777777777778,0.06274899827494629,0.8870251641657458,0.06274899827494629,0.11297483583425416,0.09288450081053101
LEO_ISS_like,20.0,167,1.1252777777777778,0.06274899827494629,0.8865291895658075,0.06274899827494629,0.11347081043419249,0.09318208557049401
LEO_ISS_like,20.0,168,1.1252777777777778,0.06274899827494629,0.8860351697183088,0.06274899827494629,0.11396483028169124,0.09347849747899326
LEO_ISS_like,20.0,169,1.1252777777777778,0.06274899827494629,0.8855430969191109,0.06274899827494629,0.11445690308088907,0.09377374115851196
LEO_ISS_like,20.0,170,1.1252777777777778,0.06274899827494629,0.8850529634944391,0.06274899827494629,0.11494703650556093,0.09406782121331507
LEO_ISS_like,20.0,171,1.1252777777777778,0.06274899827494629,0.8845647618007625,0.06274899827494629,0.11543523819923751,0.09436074222952102
LEO_ISS_like,20.0,172,1.1252777777777778,0.06274899827494629,0.8840784842246755,0.06274899827494629,0.1159215157753245,0.09465250877517321
LEO_ISS_like,20.0,173,1.1252777777777778,0.06274899827494629,0.8835941231827785,0.06274899827494629,0.11640587681722148,0.0949431254003114
LEO_ISS_like,20.0,174,1.1252777777777778,0.06274899827494629,0.88311167112156,0.06274899827494629,0.11688832887844003,0.09523259663704253
LEO_ISS_like,20.0,175,1.1252777777777778,0.06274899827494629,0.8826311205172784,0.06274899827494629,0.11736887948272157,0.09552092699961146
LEO_ISS_like,20.0,176,1.1252777777777778,0.06274899827494629,0.8821524638758453,0.06274899827494629,0.11784753612415466,0.0958081209844713
LEO_ISS_like,20.0,177,1.1252777777777778,0.06274899827494629,0.881675693732708,0.06274899827494629,0.11832430626729196,0.09609418307035368
LEO_ISS_like,20.0,178,1.1252777777777778,0.06274899827494629,0.8812008026527335,0.06274899827494629,0.11879919734726652,0.09637911771833842
LEO_ISS_like,20.0,179,1.1252777777777778,0.06274899827494629,0.8807277832300923,0.06274899827494629,0.11927221676990774,0.09666292937192315
LEO_ISS_like,20.0,180,1.1252777777777778,0.06274899827494629,0.880256628088143,0.06274899827494629,0.11974337191185702,0.09694562245709272
VAB_RBSP_like,1.0,0,140016.6666666667,0.0,1.0,0.0,0.0,0.0
VAB_RBSP_like,1.0,1,140016.6666666667,1.0,1.0,1.0,0.0,0.4
VAB_RBSP_like,1.0,2,140016.6666666667,0.75,0.985,0.75,0.015000000000000013,0.30900000000000005
VAB_RBSP_like,1.0,3,140016.6666666667,0.8125,0.97396375,0.8125,0.026036249999999983,0.34062175
VAB_RBSP_like,1.0,4,140016.6666666667,0.796875,0.962171675546875,0.796875,0.037828324453125006,0.34144699467187506
VAB_RBSP_like,1.0,5,140016.6666666667,0.80078125,0.9507842022109632,0.80078125,0.04921579778903684,0.3498419786734221
VAB_RBSP_like,1.0,6,140016.6666666667,0.7998046875,0.939511297175429,0.7998046875,0.06048870282457097,0.3562150966947426
VAB_RBSP_like,1.0,7,140016.6666666667,0.800048828125,0.928421380192301,0.800048828125,0.07157861980769897,0.36296670313461943
VAB_RBSP_like,1.0,8,140016.6666666667,0.79998779296875,0.9174943794932885,0.79998779296875,0.08250562050671151,0.3694984894915269
VAB_RBSP_like,1.0,9,140016.6666666667,0.8000030517578125,0.9067321317991276,0.8000030517578125,0.0932678682008724,0.3759619416236485
VAB_RBSP_like,1.0,10,140016.6666666667,0.7999992370605469,0.8961311083152377,0.7999992370605469,0.10386889168476232,0.38232102983507615
VAB_RBSP_like,1.0,11,140016.6666666667,0.8000001907348633,0.8856891519459158,0.8000001907348633,0.1143108480540842,0.3885865851263959
VAB_RBSP_like,1.0,12,140016.6666666667,0.7999999523162842,0.8754038121327501,0.7999999523162842,0.12459618786724991,0.39475769364686364
VAB_RBSP_like,1.0,13,140016.6666666667,0.800000011920929,0.8652727555768964,0.800000011920929,0.13472724442310358,0.4008363514222337
VAB_RBSP_like,1.0,14,140016.6666666667,0.7999999970197678,0.8552936640885201,0.7999999970197678,0.14470633591147986,0.40682380035479504
VAB_RBSP_like,1.0,15,140016.6666666667,0.8000000007450581,0.845464259165427,0.8000000007450581,0.154535740834573,0.41272144479876705
VAB_RBSP_like,1.0,16,140016.6666666667,0.7999999998137355,0.8357822952684968,0.7999999998137355,0.1642177047315032,0.4185306227643961
VAB_RBSP_like,1.0,17,140016.6666666667,0.8000000000465661,0.8262455608418044,0.8000000000465661,0.17375443915819555,0.42425266351354385
VAB_RBSP_like,1.0,18,140016.6666666667,0.7999999999883585,0.8168518774286002,0.7999999999883585,0.18314812257139979,0.4298888735381833
VAB_RBSP_like,1.0,19,140016.6666666667,0.8000000000029104,0.8075990992673139,0.8000000000029104,0.19240090073268612,0.43544054044077585
VAB_RBSP_like,1.0,20,140016.6666666667,0.7999999999992724,0.798485112778269,0.7999999999992724,0.20151488722173105,0.4409089323327476
VAB_RBSP_like,1.0,21,140016.6666666667,0.8000000000001819,0.7895078360866036,0.8000000000001819,0.21049216391339642,0.44629529834811066
VAB_RBSP_like,1.0,22,140016.6666666667,0.7999999999999545,0.7806652185453024,0.7999999999999545,0.21933478145469765,0.45160086887280043
VAB_RBSP_like,1.0,23,140016.6666666667,0.8000000000000114,0.7719552402671234,0.8000000000000114,0.22804475973287663,0.45682685583973054
VAB_RBSP_like,1.0,24,140016.6666666667,0.7999999999999972,0.7633759116631164,0.7999999999999972,0.23662408833688364,0.4619744530021291
VAB_RBSP_like,1.0,25,140016.6666666667,0.8000000000000007,0.7549252729881697,0.8000000000000007,0.2450747270118303,0.46704483620709847
VAB_RBSP_like,1.0,26,140016.6666666667,0.7999999999999998,0.7466013938933471,0.7999999999999998,0.2533986061066529,0.4720391636639917
VAB_RBSP_like,1.0,27,140016.6666666667,0.8,0.7384023729849469,0.8,0.26159762701505307,0.4769585762090319
VAB_RBSP_like,1.0,28,140016.6666666667,0.8,0.7303263373901727,0.8,0.2696736626098273,0.48180419756589643
VAB_RBSP_like,1.0,29,140016.6666666667,0.8,0.7223714423293202,0.8,0.27762855767067984,0.4865771346024079
VAB_RBSP_like,1.0,30,140016.6666666667,0.8,0.7145358706943804,0.8,0.2854641293056196,0.49127847758337184
VAB_RBSP_like,1.0,31,140016.6666666667,0.8,0.7068178326339647,0.8,0.2931821673660353,0.4959093004196212
VAB_RBSP_like,1.0,32,140016.6666666667,0.8,0.6992155651444553,0.8,0.30078443485554474,0.5004706609133269
VAB_RBSP_like,1.0,33,140016.6666666667,0.8,0.6917273316672884,0.8,0.3082726683327116,0.504963600999627
VAB_RBSP_like,1.0,34,140016.6666666667,0.8,0.684351421692279,0.8,0.315648578307721,0.5093891469846327
VAB_RBSP_like,1.0,35,140016.6666666667,0.8,0.6770861503668948,0.8,0.3229138496331052,0.5137483097798632
VAB_RBSP_like,1.0,36,140016.6666666667,0.8,0.6699298581113914,0.8,0.3300701418886086,0.5180420851331652
VAB_RBSP_like,1.0,37,140016.6666666667,0.8,0.6628809102397205,0.8,0.3371190897602795,0.5222714538561677
VAB_RBSP_like,1.0,38,140016.6666666667,0.8,0.6559376965861247,0.8,0.34406230341387534,0.5264373820483252
VAB_RBSP_like,1.0,39,140016.6666666667,0.8,0.6490986311373328,0.8,0.3509013688626672,0.5305408213176004
VAB_RBSP_like,1.0,40,140016.6666666667,0.8,0.6423621516702728,0.8,0.3576378483297272,0.5345827089978363
VAB_RBSP_like,1.0,41,140016.6666666667,0.8,0.6357267193952186,0.8,0.36427328060478137,0.5385639683628689
VAB_RBSP_like,1.0,42,140016.6666666667,0.8,0.6291908186042904,0.8,0.3708091813957096,0.5424855088374259
VAB_RBSP_like,1.0,43,140016.6666666667,0.8,0.622752956325226,0.8,0.377247043674774,0.5463482262048645
VAB_RBSP_like,1.0,44,140016.6666666667,0.8,0.6164116619803476,0.8,0.3835883380196524,0.5501530028117915
VAB_RBSP_like,1.0,45,140016.6666666667,0.8,0.6101654870506423,0.8,0.38983451294935767,0.5539007077696146
VAB_RBSP_like,1.0,46,140016.6666666667,0.8,0.6040130047448827,0.8,0.39598699525511727,0.5575921971530704
VAB_RBSP_like,1.0,47,140016.6666666667,0.8,0.5979528096737095,0.8,0.40204719032629055,0.5612283141957743
VAB_RBSP_like,1.0,48,140016.6666666667,0.8,0.5919835175286038,0.8,0.4080164824713962,0.5648098894828377
VAB_RBSP_like,1.0,49,140016.6666666667,0.8,0.5861037647656747,0.8,0.4138962352343253,0.5683377411405952
VAB_RBSP_like,1.0,50,140016.6666666667,0.8,0.5803122082941896,0.8,0.4196877917058104,0.5718126750234862
VAB_RBSP_like,1.0,51,140016.6666666667,0.8,0.5746075251697768,0.8,0.42539247483022324,0.575235484898134
VAB_RBSP_like,1.0,52,140016.6666666667,0.8,0.5689884122922301,0.8,0.4310115877077699,0.578606952624662
VAB_RBSP_like,1.0,53,140016.6666666667,0.8,0.5634535861078466,0.8,0.43654641389215343,0.5819278483352921
VAB_RBSP_like,1.0,54,140016.6666666667,0.8,0.5580017823162289,0.8,0.4419982176837711,0.5851989306102627
VAB_RBSP_like,1.0,55,140016.6666666667,0.8,0.5526317555814855,0.8,0.4473682444185145,0.5884209466511088
VAB_RBSP_like,1.0,56,140016.6666666667,0.8,0.5473422792477632,0.8,0.45265772075223676,0.5915946324513421
VAB_RBSP_like,1.0,57,140016.6666666667,0.8,0.5421321450590468,0.8,0.45786785494095317,0.594720712964572
VAB_RBSP_like,1.0,58,140016.6666666667,0.8,0.5370001628831611,0.8,0.4629998371168389,0.5977999022701034
VAB_RBSP_like,1.0,59,140016.6666666667,0.8,0.5319451604399137,0.8,0.4680548395600863,0.6008329037360518
VAB_RBSP_like,1.0,60,140016.6666666667,0.8,0.526965983033315,0.8,0.473034016966685,0.6038204101800111
VAB_RBSP_like,1.0,61,140016.6666666667,0.8,0.5220614932878153,0.8,0.47793850671218474,0.6067631040273109
VAB_RBSP_like,1.0,62,140016.6666666667,0.8,0.517230570888498,0.8,0.482769429111502,0.6096616574669013
VAB_RBSP_like,1.0,63,140016.6666666667,0.8,0.5124721123251705,0.8,0.48752788767482946,0.6125167326048977
VAB_RBSP_like,1.0,64,140016.6666666667,0.8,0.507785030640293,0.8,0.492214969359707,0.6153289816158243
VAB_RBSP_like,1.0,65,140016.6666666667,0.8,0.5031682551806886,0.8,0.49683174481931136,0.6180990468915868
VAB_RBSP_like,1.0,66,140016.6666666667,0.8,0.4986207313529783,0.8,0.5013792686470218,0.620827561188213
VAB_RBSP_like,1.0,67,140016.6666666667,0.8,0.4941414203826836,0.8,0.5058585796173164,0.62351514777039
VAB_RBSP_like,1.0,68,140016.6666666667,0.8,0.48972929907694335,0.8,0.5102707009230567,0.6261624205538341
VAB_RBSP_like,1.0,69,140016.6666666667,0.8,0.4853833595907892,0.8,0.5146166404092107,0.6287699842455265
VAB_RBSP_like,1.0,70,140016.6666666667,0.8,0.4811026091969274,0.8,0.5188973908030726,0.6313384344818436
VAB_RBSP_like,1.0,71,140016.6666666667,0.8,0.4768860700589735,0.8,0.5231139299410266,0.633868357964616
VAB_RBSP_like,1.0,72,140016.6666666667,0.8,0.4727327790080889,0.8,0.5272672209919111,0.6363603325951468
VAB_RBSP_like,1.0,73,140016.6666666667,0.8,0.4686417873229676,0.8,0.5313582126770324,0.6388149276062195
VAB_RBSP_like,1.0,74,140016.6666666667,0.8,0.46461216051312304,0.8,0.535387839486877,0.6412327036921261
VAB_RBSP_like,1.0,75,140016.6666666667,0.8,0.4606429781054262,0.8,0.5393570218945738,0.6436142131367444
VAB_RBSP_like,1.0,76,140016.6666666667,0.8,0.4567333334338448,0.8,0.5432666665661552,0.6459599999396932
VAB_RBSP_like,1.0,77,140016.6666666667,0.8,0.45288233343233714,0.8,0.5471176665676629,0.6482705999405978
VAB_RBSP_like,1.0,78,140016.6666666667,0.8,0.4490890984308521,0.8,0.5509109015691479,0.6505465409414888
VAB_RBSP_like,1.0,79,140016.6666666667,0.8,0.44535276195438933,0.8,0.5546472380456107,0.6527883428273664
VAB_RBSP_like,1.0,80,140016.6666666667,0.8,0.44167247052507347,0.8,0.5583275294749266,0.6549965176849559
VAB_RBSP_like,1.0,81,140016.6666666667,0.8,0.43804738346719735,0.8,0.5619526165328026,0.6571715699196816
VAB_RBSP_like,1.0,82,140016.6666666667,0.8,0.4344766727151894,0.8,0.5655233272848106,0.6593139963708864
VAB_RBSP_like,1.0,83,140016.6666666667,0.8,0.4309595226244616,0.8,0.5690404773755384,0.661424286425323
VAB_RBSP_like,1.0,84,140016.6666666667,0.8,0.42749512978509463,0.8,0.5725048702149054,0.6635029221289432
VAB_RBSP_like,1.0,85,140016.6666666667,0.8,0.4240827028383182,0.8,0.5759172971616817,0.6655503782970091
VAB_RBSP_like,1.0,86,140016.6666666667,0.8,0.4207214622957435,0.8,0.5792785377042565,0.6675671226225539
VAB_RBSP_like,1.0,87,140016.6666666667,0.8,0.4174106403613073,0.8,0.5825893596386926,0.6695536157832156
VAB_RBSP_like,1.0,88,140016.6666666667,0.8,0.4141494807558877,0.8,0.5858505192441124,0.6715103115464675
VAB_RBSP_like,1.0,89,140016.6666666667,0.8,0.4109372385445494,0.8,0.5890627614554507,0.6734376568732705
VAB_RBSP_like,1.0,90,140016.6666666667,0.8,0.4077731799663811,0.8,0.5922268200336189,0.6753360920201714
VAB_RBSP_like,1.0,91,140016.6666666667,0.8,0.4046565822668854,0.8,0.5953434177331146,0.6772060506398688
VAB_RBSP_like,1.0,92,140016.6666666667,0.8,0.4015867335328821,0.8,0.5984132664671179,0.6790479598802708
VAB_RBSP_like,1.0,93,140016.6666666667,0.8,0.3985629325298889,0.8,0.601437067470111,0.6808622404820667
VAB_RBSP_like,1.0,94,140016.6666666667,0.8,0.39558448854194056,0.8,0.6044155114580594,0.6826493068748356
VAB_RBSP_like,1.0,95,140016.6666666667,0.8,0.39265072121381145,0.8,0.6073492787861885,0.6844095672717132
VAB_RBSP_like,1.0,96,140016.6666666667,0.8,0.38976096039560426,0.8,0.6102390396043957,0.6861434237626375
VAB_RBSP_like,1.0,97,140016.6666666667,0.8,0.3869145459896702,0.8,0.6130854540103299,0.687851272406198
VAB_RBSP_like,1.0,98,140016.6666666667,0.8,0.38411082779982514,0.8,0.6158891722001749,0.689533503320105
VAB_RBSP_like,1.0,99,140016.6666666667,0.8,0.38134916538282776,0.8,0.6186508346171722,0.6911905007703034
VAB_RBSP_like,1.0,100,140016.6666666667,0.8,0.37862892790208535,0.8,0.6213710720979146,0.6928226432587488
VAB_RBSP_like,1.0,101,140016.6666666667,0.8,0.3759494939835541,0.8,0.6240505060164458,0.6944303036098676
VAB_RBSP_like,1.0,102,140016.6666666667,0.8,0.37331025157380077,0.8,0.6266897484261993,0.6960138490557196
VAB_RBSP_like,1.0,103,140016.6666666667,0.8,0.3707105978001938,0.8,0.6292894021998062,0.6975736413198839
VAB_RBSP_like,1.0,104,140016.6666666667,0.8,0.36814993883319086,0.8,0.6318500611668092,0.6991100367000855
VAB_RBSP_like,1.0,105,140016.6666666667,0.8,0.365627689750693,0.8,0.6343723102493071,0.7006233861495843
VAB_RBSP_like,1.0,106,140016.6666666667,0.8,0.3631432744044326,0.8,0.6368567255955674,0.7021140353573405
VAB_RBSP_like,1.0,107,140016.6666666667,0.8,0.36069612528836614,0.8,0.6393038747116339,0.7035823248269804
VAB_RBSP_like,1.0,108,140016.6666666667,0.8,0.35828568340904066,0.8,0.6417143165909593,0.7050285899545756
VAB_RBSP_like,1.0,109,140016.6666666667,0.8,0.35591139815790507,0.8,0.6440886018420949,0.706453161105257
VAB_RBSP_like,1.0,110,140016.6666666667,0.8,0.3535727271855365,0.8,0.6464272728144635,0.7078563636886781
VAB_RBSP_like,1.0,111,140016.6666666667,0.8,0.35126913627775347,0.8,0.6487308637222465,0.709238518233348
VAB_RBSP_like,1.0,112,140016.6666666667,0.8,0.34900009923358716,0.8,0.6509999007664129,0.7105999404598478
VAB_RBSP_like,1.0,113,140016.6666666667,0.8,0.34676509774508335,0.8,0.6532349022549166,0.71194094135295
VAB_RBSP_like,1.0,114,140016.6666666667,0.8,0.3445636212789071,0.8,0.6554363787210928,0.7132618272326557
VAB_RBSP_like,1.0,115,140016.6666666667,0.8,0.3423951669597235,0.8,0.6576048330402765,0.714562899824166
VAB_RBSP_like,1.0,116,140016.6666666667,0.8,0.34025923945532766,0.8,0.6597407605446723,0.7158444563268034
VAB_RBSP_like,1.0,117,140016.6666666667,0.8,0.33815535086349774,0.8,0.6618446491365022,0.7171067894819014
VAB_RBSP_like,1.0,118,140016.6666666667,0.8,0.3360830206005453,0.8,0.6639169793994547,0.718350187639673
VAB_RBSP_like,1.0,119,140016.6666666667,0.8,0.3340417752915371,0.8,0.6659582247084629,0.7195749348250777
VAB_RBSP_like,1.0,120,140016.6666666667,0.8,0.33203114866216404,0.8,0.6679688513378359,0.7207813108027016
VAB_RBSP_like,1.0,121,140016.6666666667,0.8,0.3300506814322316,0.8,0.6699493185677684,0.7219695911406612
VAB_RBSP_like,1.0,122,140016.6666666667,0.8,0.3280999212107481,0.8,0.671900078789252,0.7231400472735512
VAB_RBSP_like,1.0,123,140016.6666666667,0.8,0.3261784223925869,0.8,0.6738215776074131,0.7242929465644479
VAB_RBSP_like,1.0,124,140016.6666666667,0.8,0.3242857460566981,0.8,0.6757142539433019,0.7254285523659811
VAB_RBSP_like,1.0,125,140016.6666666667,0.8,0.3224214598658476,0.8,0.6775785401341524,0.7265471240804915
VAB_RBSP_like,1.0,126,140016.6666666667,0.8,0.32058513796785987,0.8,0.6794148620321401,0.7276489172192842
VAB_RBSP_like,1.0,127,140016.6666666667,0.8,0.318776360898342,0.8,0.681223639101658,0.7287341834609948
VAB_RBSP_like,1.0,128,140016.6666666667,0.8,0.31699471548486685,0.8,0.6830052845151331,0.72980317070908
VAB_RBSP_like,1.0,129,140016.6666666667,0.8,0.31523979475259384,0.8,0.6847602052474062,0.7308561231484438
VAB_RBSP_like,1.0,130,140016.6666666667,0.8,0.31351119783130493,0.8,0.686488802168695,0.7318932813012171
VAB_RBSP_like,1.0,131,140016.6666666667,0.8,0.31180852986383534,0.8,0.6881914701361647,0.7329148820816989
VAB_RBSP_like,1.0,132,140016.6666666667,0.8,0.3101314019158778,0.8,0.6898685980841222,0.7339211588504733
VAB_RBSP_like,1.0,133,140016.6666666667,0.8,0.30847943088713964,0.8,0.6915205691128603,0.7349123414677162
VAB_RBSP_like,1.0,134,140016.6666666667,0.8,0.30685223942383255,0.8,0.6931477605761674,0.7358886563457006
VAB_RBSP_like,1.0,135,140016.6666666667,0.8,0.30524945583247504,0.8,0.694750544167525,0.7368503265005151
VAB_RBSP_like,1.0,136,140016.6666666667,0.8,0.3036707139949879,0.8,0.6963292860050121,0.7377975716030073
VAB_RBSP_like,1.0,137,140016.6666666667,0.8,0.30211565328506307,0.8,0.6978843467149369,0.7387306080289622
VAB_RBSP_like,1.0,138,140016.6666666667,0.8,0.30058391848578714,0.8,0.6994160815142129,0.7396496489085278
VAB_RBSP_like,1.0,139,140016.6666666667,0.8,0.29907515970850035,0.8,0.7009248402914996,0.7405549041748998
VAB_RBSP_like,1.0,140,140016.6666666667,0.8,0.29758903231287287,0.8,0.7024109676871271,0.7414465806122763
VAB_RBSP_like,1.0,141,140016.6666666667,0.8,0.2961251968281798,0.8,0.7038748031718203,0.7423248819030922
VAB_RBSP_like,1.0,142,140016.6666666667,0.8,0.2946833188757571,0.8,0.7053166811242428,0.7431900086745458
VAB_RBSP_like,1.0,143,140016.6666666667,0.8,0.29326306909262073,0.8,0.7067369309073792,0.7440421585444276
VAB_RBSP_like,1.0,144,140016.6666666667,0.8,0.29186412305623144,0.8,0.7081358769437686,0.7448815261662611
VAB_RBSP_like,1.0,145,140016.6666666667,0.8,0.29048616121038795,0.8,0.709513838789612,0.7457083032737672
VAB_RBSP_like,1.0,146,140016.6666666667,0.8,0.28912886879223215,0.8,0.7108711312077678,0.7465226787246607
VAB_RBSP_like,1.0,147,140016.6666666667,0.8,0.28779193576034867,0.8,0.7122080642396513,0.7473248385437908
VAB_RBSP_like,1.0,148,140016.6666666667,0.8,0.28647505672394347,0.8,0.7135249432760565,0.748114965965634
VAB_RBSP_like,1.0,149,140016.6666666667,0.8,0.2851779308730843,0.8,0.7148220691269157,0.7488932414761496
VAB_RBSP_like,1.0,150,140016.6666666667,0.8,0.283900261909988,0.8,0.716099738090012,0.7496598428540073
VAB_RBSP_like,1.0,151,140016.6666666667,0.8,0.28264175798133817,0.8,0.7173582420186618,0.7504149452111972
VAB_RBSP_like,1.0,152,140016.6666666667,0.8,0.2814021316116181,0.8,0.7185978683883819,0.7511587210330293
VAB_RBSP_like,1.0,153,140016.6666666667,0.8,0.2801810996374438,0.8,0.7198189003625561,0.7518913402175338
VAB_RBSP_like,1.0,154,140016.6666666667,0.8,0.27897838314288215,0.8,0.7210216168571179,0.7526129701142708
VAB_RBSP_like,1.0,155,140016.6666666667,0.8,0.27779370739573894,0.8,0.7222062926042611,0.7533237755625567
VAB_RBSP_like,1.0,156,140016.6666666667,0.8,0.27662680178480287,0.8,0.7233731982151972,0.7540239189291184
VAB_RBSP_like,1.0,157,140016.6666666667,0.8,0.2754773997580308,0.8,0.7245226002419691,0.7547135601451815
VAB_RBSP_like,1.0,158,140016.6666666667,0.8,0.27434523876166034,0.8,0.7256547612383397,0.7553928567430039
VAB_RBSP_like,1.0,159,140016.6666666667,0.8,0.27323006018023543,0.8,0.7267699398197646,0.7560619638918589
VAB_RBSP_like,1.0,160,140016.6666666667,0.8,0.2721316092775319,0.8,0.7278683907224681,0.7567210344334809
VAB_RBSP_like,1.0,161,140016.6666666667,0.8,0.2710496351383689,0.8,0.7289503648616311,0.7573702189169786
VAB_RBSP_like,1.0,162,140016.6666666667,0.8,0.26998389061129335,0.8,0.7300161093887066,0.758009665633224
VAB_RBSP_like,1.0,163,140016.6666666667,0.8,0.268934132252124,0.8,0.7310658677478761,0.7586395206487258
VAB_RBSP_like,1.0,164,140016.6666666667,0.8,0.26790012026834215,0.8,0.7320998797316578,0.7592599278389947
VAB_RBSP_like,1.0,165,140016.6666666667,0.8,0.266881618464317,0.8,0.733118381535683,0.7598710289214099
VAB_RBSP_like,1.0,166,140016.6666666667,0.8,0.26587839418735226,0.8,0.7341216058126477,0.7604729634875886
VAB_RBSP_like,1.0,167,140016.6666666667,0.8,0.26489021827454196,0.8,0.735109781725458,0.761065869035275
VAB_RBSP_like,1.0,168,140016.6666666667,0.8,0.26391686500042383,0.8,0.7360831349995762,0.7616498809997458
VAB_RBSP_like,1.0,169,140016.6666666667,0.8,0.26295811202541747,0.8,0.7370418879745826,0.7622251327847496
VAB_RBSP_like,1.0,170,140016.6666666667,0.8,0.2620137403450362,0.8,0.7379862596549638,0.7627917557929783
VAB_RBSP_like,1.0,171,140016.6666666667,0.8,0.2610835342398607,0.8,0.7389164657601393,0.7633498794560836
VAB_RBSP_like,1.0,172,140016.6666666667,0.8,0.26016728122626276,0.8,0.7398327187737372,0.7638996312642423
VAB_RBSP_like,1.0,173,140016.6666666667,0.8,0.2592647720078688,0.8,0.7407352279921312,0.7644411367952788
VAB_RBSP_like,1.0,174,140016.6666666667,0.8,0.25837580042775077,0.8,0.7416241995722492,0.7649745197433495
VAB_RBSP_like,1.0,175,140016.6666666667,0.8,0.2575001634213345,0.8,0.7424998365786655,0.7654999019471993
VAB_RBSP_like,1.0,176,140016.6666666667,0.8,0.2566376609700145,0.8,0.7433623390299855,0.7660174034179914
VAB_RBSP_like,1.0,177,140016.6666666667,0.8,0.25578809605546426,0.8,0.7442119039445357,0.7665271423667215
VAB_RBSP_like,1.0,178,140016.6666666667,0.8,0.2549512746146323,0.8,0.7450487253853677,0.7670292352312207
VAB_RBSP_like,1.0,179,140016.6666666667,0.8,0.2541270054954128,0.8,0.7458729945045872,0.7675237967027524
VAB_RBSP_like,1.0,180,140016.6666666667,0.8,0.2533151004129816,0.8,0.7466848995870183,0.768010939752211
VAB_RBSP_like,2.0,0,38695.0,0.0,1.0,0.0,0.0,0.0
VAB_RBSP_like,2.0,1,38695.0,1.0,1.0,1.0,0.0,0.4
VAB_RBSP_like,2.0,2,38695.0,0.75,0.985,0.75,0.015000000000000013,0.30900000000000005
VAB_RBSP_like,2.0,3,38695.0,0.8125,0.97396375,0.8125,0.026036249999999983,0.34062175
VAB_RBSP_like,2.0,4,38695.0,0.796875,0.962171675546875,0.796875,0.037828324453125006,0.34144699467187506
VAB_RBSP_like,2.0,5,38695.0,0.80078125,0.9507842022109632,0.80078125,0.04921579778903684,0.3498419786734221
VAB_RBSP_like,2.0,6,38695.0,0.7998046875,0.939511297175429,0.7998046875,0.06048870282457097,0.3562150966947426
VAB_RBSP_like,2.0,7,38695.0,0.800048828125,0.928421380192301,0.800048828125,0.07157861980769897,0.36296670313461943
VAB_RBSP_like,2.0,8,38695.0,0.79998779296875,0.9174943794932885,0.79998779296875,0.08250562050671151,0.3694984894915269
VAB_RBSP_like,2.0,9,38695.0,0.8000030517578125,0.9067321317991276,0.8000030517578125,0.0932678682008724,0.3759619416236485
VAB_RBSP_like,2.0,10,38695.0,0.7999992370605469,0.8961311083152377,0.7999992370605469,0.10386889168476232,0.38232102983507615
VAB_RBSP_like,2.0,11,38695.0,0.8000001907348633,0.8856891519459158,0.8000001907348633,0.1143108480540842,0.3885865851263959
VAB_RBSP_like,2.0,12,38695.0,0.7999999523162842,0.8754038121327501,0.7999999523162842,0.12459618786724991,0.39475769364686364
VAB_RBSP_like,2.0,13,38695.0,0.800000011920929,0.8652727555768964,0.800000011920929,0.13472724442310358,0.4008363514222337
VAB_RBSP_like,2.0,14,38695.0,0.7999999970197678,0.8552936640885201,0.7999999970197678,0.14470633591147986,0.40682380035479504
VAB_RBSP_like,2.0,15,38695.0,0.8000000007450581,0.845464259165427,0.8000000007450581,0.154535740834573,0.41272144479876705
VAB_RBSP_like,2.0,16,38695.0,0.7999999998137355,0.8357822952684968,0.7999999998137355,0.1642177047315032,0.4185306227643961
VAB_RBSP_like,2.0,17,38695.0,0.8000000000465661,0.8262455608418044,0.8000000000465661,0.17375443915819555,0.42425266351354385
VAB_RBSP_like,2.0,18,38695.0,0.7999999999883585,0.8168518774286002,0.7999999999883585,0.18314812257139979,0.4298888735381833
VAB_RBSP_like,2.0,19,38695.0,0.8000000000029104,0.8075990992673139,0.8000000000029104,0.19240090073268612,0.43544054044077585
VAB_RBSP_like,2.0,20,38695.0,0.7999999999992724,0.798485112778269,0.7999999999992724,0.20151488722173105,0.4409089323327476
VAB_RBSP_like,2.0,21,38695.0,0.8000000000001819,0.7895078360866036,0.8000000000001819,0.21049216391339642,0.44629529834811066
VAB_RBSP_like,2.0,22,38695.0,0.7999999999999545,0.7806652185453024,0.7999999999999545,0.21933478145469765,0.45160086887280043
VAB_RBSP_like,2.0,23,38695.0,0.8000000000000114,0.7719552402671234,0.8000000000000114,0.22804475973287663,0.45682685583973054
VAB_RBSP_like,2.0,24,38695.0,0.7999999999999972,0.7633759116631164,0.7999999999999972,0.23662408833688364,0.4619744530021291
VAB_RBSP_like,2.0,25,38695.0,0.8000000000000007,0.7549252729881697,0.8000000000000007,0.2450747270118303,0.46704483620709847
VAB_RBSP_like,2.0,26,38695.0,0.7999999999999998,0.7466013938933471,0.7999999999999998,0.2533986061066529,0.4720391636639917
VAB_RBSP_like,2.0,27,38695.0,0.8,0.7384023729849469,0.8,0.26159762701505307,0.4769585762090319
VAB_RBSP_like,2.0,28,38695.0,0.8,0.7303263373901727,0.8,0.2696736626098273,0.48180419756589643
VAB_RBSP_like,2.0,29,38695.0,0.8,0.7223714423293202,0.8,0.27762855767067984,0.4865771346024079
VAB_RBSP_like,2.0,30,38695.0,0.8,0.7145358706943804,0.8,0.2854641293056196,0.49127847758337184
VAB_RBSP_like,2.0,31,38695.0,0.8,0.7068178326339647,0.8,0.2931821673660353,0.4959093004196212
VAB_RBSP_like,2.0,32,38695.0,0.8,0.6992155651444553,0.8,0.30078443485554474,0.5004706609133269
VAB_RBSP_like,2.0,33,38695.0,0.8,0.6917273316672884,0.8,0.3082726683327116,0.504963600999627
VAB_RBSP_like,2.0,34,38695.0,0.8,0.684351421692279,0.8,0.315648578307721,0.5093891469846327
VAB_RBSP_like,2.0,35,38695.0,0.8,0.6770861503668948,0.8,0.3229138496331052,0.5137483097798632
VAB_RBSP_like,2.0,36,38695.0,0.8,0.6699298581113914,0.8,0.3300701418886086,0.5180420851331652
VAB_RBSP_like,2.0,37,38695.0,0.8,0.6628809102397205,0.8,0.3371190897602795,0.5222714538561677
VAB_RBSP_like,2.0,38,38695.0,0.8,0.6559376965861247,0.8,0.34406230341387534,0.5264373820483252
VAB_RBSP_like,2.0,39,38695.0,0.8,0.6490986311373328,0.8,0.3509013688626672,0.5305408213176004
VAB_RBSP_like,2.0,40,38695.0,0.8,0.6423621516702728,0.8,0.3576378483297272,0.5345827089978363
VAB_RBSP_like,2.0,41,38695.0,0.8,0.6357267193952186,0.8,0.36427328060478137,0.5385639683628689
VAB_RBSP_like,2.0,42,38695.0,0.8,0.6291908186042904,0.8,0.3708091813957096,0.5424855088374259
VAB_RBSP_like,2.0,43,38695.0,0.8,0.622752956325226,0.8,0.377247043674774,0.5463482262048645
VAB_RBSP_like,2.0,44,38695.0,0.8,0.6164116619803476,0.8,0.3835883380196524,0.5501530028117915
VAB_RBSP_like,2.0,45,38695.0,0.8,0.6101654870506423,0.8,0.38983451294935767,0.5539007077696146
VAB_RBSP_like,2.0,46,38695.0,0.8,0.6040130047448827,0.8,0.39598699525511727,0.5575921971530704
VAB_RBSP_like,2.0,47,38695.0,0.8,0.5979528096737095,0.8,0.40204719032629055,0.5612283141957743
VAB_RBSP_like,2.0,48,38695.0,0.8,0.5919835175286038,0.8,0.4080164824713962,0.5648098894828377
VAB_RBSP_like,2.0,49,38695.0,0.8,0.5861037647656747,0.8,0.4138962352343253,0.5683377411405952
VAB_RBSP_like,2.0,50,38695.0,0.8,0.5803122082941896,0.8,0.4196877917058104,0.5718126750234862
VAB_RBSP_like,2.0,51,38695.0,0.8,0.5746075251697768,0.8,0.42539247483022324,0.575235484898134
VAB_RBSP_like,2.0,52,38695.0,0.8,0.5689884122922301,0.8,0.4310115877077699,0.578606952624662
VAB_RBSP_like,2.0,53,38695.0,0.8,0.5634535861078466,0.8,0.43654641389215343,0.5819278483352921
VAB_RBSP_like,2.0,54,38695.0,0.8,0.5580017823162289,0.8,0.4419982176837711,0.5851989306102627
VAB_RBSP_like,2.0,55,38695.0,0.8,0.5526317555814855,0.8,0.4473682444185145,0.5884209466511088
VAB_RBSP_like,2.0,56,38695.0,0.8,0.5473422792477632,0.8,0.45265772075223676,0.5915946324513421
VAB_RBSP_like,2.0,57,38695.0,0.8,0.5421321450590468,0.8,0.45786785494095317,0.594720712964572
VAB_RBSP_like,2.0,58,38695.0,0.8,0.5370001628831611,0.8,0.4629998371168389,0.5977999022701034
VAB_RBSP_like,2.0,59,38695.0,0.8,0.5319451604399137,0.8,0.4680548395600863,0.6008329037360518
VAB_RBSP_like,2.0,60,38695.0,0.8,0.526965983033315,0.8,0.473034016966685,0.6038204101800111
VAB_RBSP_like,2.0,61,38695.0,0.8,0.5220614932878153,0.8,0.47793850671218474,0.6067631040273109
VAB_RBSP_like,2.0,62,38695.0,0.8,0.517230570888498,0.8,0.482769429111502,0.6096616574669013
VAB_RBSP_like,2.0,63,38695.0,0.8,0.5124721123251705,0.8,0.48752788767482946,0.6125167326048977
VAB_RBSP_like,2.0,64,38695.0,0.8,0.507785030640293,0.8,0.492214969359707,0.6153289816158243
VAB_RBSP_like,2.0,65,38695.0,0.8,0.5031682551806886,0.8,0.49683174481931136,0.6180990468915868
VAB_RBSP_like,2.0,66,38695.0,0.8,0.4986207313529783,0.8,0.5013792686470218,0.620827561188213
VAB_RBSP_like,2.0,67,38695.0,0.8,0.4941414203826836,0.8,0.5058585796173164,0.62351514777039
VAB_RBSP_like,2.0,68,38695.0,0.8,0.48972929907694335,0.8,0.5102707009230567,0.6261624205538341
VAB_RBSP_like,2.0,69,38695.0,0.8,0.4853833595907892,0.8,0.5146166404092107,0.6287699842455265
VAB_RBSP_like,2.0,70,38695.0,0.8,0.4811026091969274,0.8,0.5188973908030726,0.6313384344818436
VAB_RBSP_like,2.0,71,38695.0,0.8,0.4768860700589735,0.8,0.5231139299410266,0.633868357964616
VAB_RBSP_like,2.0,72,38695.0,0.8,0.4727327790080889,0.8,0.5272672209919111,0.6363603325951468
VAB_RBSP_like,2.0,73,38695.0,0.8,0.4686417873229676,0.8,0.5313582126770324,0.6388149276062195
VAB_RBSP_like,2.0,74,38695.0,0.8,0.46461216051312304,0.8,0.535387839486877,0.6412327036921261
VAB_RBSP_like,2.0,75,38695.0,0.8,0.4606429781054262,0.8,0.5393570218945738,0.6436142131367444
VAB_RBSP_like,2.0,76,38695.0,0.8,0.4567333334338448,0.8,0.5432666665661552,0.6459599999396932
VAB_RBSP_like,2.0,77,38695.0,0.8,0.45288233343233714,0.8,0.5471176665676629,0.6482705999405978
VAB_RBSP_like,2.0,78,38695.0,0.8,0.4490890984308521,0.8,0.5509109015691479,0.6505465409414888
VAB_RBSP_like,2.0,79,38695.0,0.8,0.44535276195438933,0.8,0.5546472380456107,0.6527883428273664
VAB_RBSP_like,2.0,80,38695.0,0.8,0.44167247052507347,0.8,0.5583275294749266,0.6549965176849559
VAB_RBSP_like,2.0,81,38695.0,0.8,0.43804738346719735,0.8,0.5619526165328026,0.6571715699196816
VAB_RBSP_like,2.0,82,38695.0,0.8,0.4344766727151894,0.8,0.5655233272848106,0.6593139963708864
VAB_RBSP_like,2.0,83,38695.0,0.8,0.4309595226244616,0.8,0.5690404773755384,0.661424286425323
VAB_RBSP_like,2.0,84,38695.0,0.8,0.42749512978509463,0.8,0.5725048702149054,0.6635029221289432
VAB_RBSP_like,2.0,85,38695.0,0.8,0.4240827028383182,0.8,0.5759172971616817,0.6655503782970091
VAB_RBSP_like,2.0,86,38695.0,0.8,0.4207214622957435,0.8,0.5792785377042565,0.6675671226225539
VAB_RBSP_like,2.0,87,38695.0,0.8,0.4174106403613073,0.8,0.5825893596386926,0.6695536157832156
VAB_RBSP_like,2.0,88,38695.0,0.8,0.4141494807558877,0.8,0.5858505192441124,0.6715103115464675
VAB_RBSP_like,2.0,89,38695.0,0.8,0.4109372385445494,0.8,0.5890627614554507,0.6734376568732705
VAB_RBSP_like,2.0,90,38695.0,0.8,0.4077731799663811,0.8,0.5922268200336189,0.6753360920201714
VAB_RBSP_like,2.0,91,38695.0,0.8,0.4046565822668854,0.8,0.5953434177331146,0.6772060506398688
VAB_RBSP_like,2.0,92,38695.0,0.8,0.4015867335328821,0.8,0.5984132664671179,0.6790479598802708
VAB_RBSP_like,2.0,93,38695.0,0.8,0.3985629325298889,0.8,0.601437067470111,0.6808622404820667
VAB_RBSP_like,2.0,94,38695.0,0.8,0.39558448854194056,0.8,0.6044155114580594,0.6826493068748356
VAB_RBSP_like,2.0,95,38695.0,0.8,0.39265072121381145,0.8,0.6073492787861885,0.6844095672717132
VAB_RBSP_like,2.0,96,38695.0,0.8,0.38976096039560426,0.8,0.6102390396043957,0.6861434237626375
VAB_RBSP_like,2.0,97,38695.0,0.8,0.3869145459896702,0.8,0.6130854540103299,0.687851272406198
VAB_RBSP_like,2.0,98,38695.0,0.8,0.38411082779982514,0.8,0.6158891722001749,0.689533503320105
VAB_RBSP_like,2.0,99,38695.0,0.8,0.38134916538282776,0.8,0.6186508346171722,0.6911905007703034
VAB_RBSP_like,2.0,100,38695.0,0.8,0.37862892790208535,0.8,0.6213710720979146,0.6928226432587488
VAB_RBSP_like,2.0,101,38695.0,0.8,0.3759494939835541,0.8,0.6240505060164458,0.6944303036098676
VAB_RBSP_like,2.0,102,38695.0,0.8,0.37331025157380077,0.8,0.6266897484261993,0.6960138490557196
VAB_RBSP_like,2.0,103,38695.0,0.8,0.3707105978001938,0.8,0.6292894021998062,0.6975736413198839
VAB_RBSP_like,2.0,104,38695.0,0.8,0.36814993883319086,0.8,0.6318500611668092,0.6991100367000855
VAB_RBSP_like,2.0,105,38695.0,0.8,0.365627689750693,0.8,0.6343723102493071,0.7006233861495843
VAB_RBSP_like,2.0,106,38695.0,0.8,0.3631432744044326,0.8,0.6368567255955674,0.7021140353573405
VAB_RBSP_like,2.0,107,38695.0,0.8,0.36069612528836614,0.8,0.6393038747116339,0.7035823248269804
VAB_RBSP_like,2.0,108,38695.0,0.8,0.35828568340904066,0.8,0.6417143165909593,0.7050285899545756
VAB_RBSP_like,2.0,109,38695.0,0.8,0.35591139815790507,0.8,0.6440886018420949,0.706453161105257
VAB_RBSP_like,2.0,110,38695.0,0.8,0.3535727271855365,0.8,0.6464272728144635,0.7078563636886781
VAB_RBSP_like,2.0,111,38695.0,0.8,0.35126913627775347,0.8,0.6487308637222465,0.709238518233348
VAB_RBSP_like,2.0,112,38695.0,0.8,0.34900009923358716,0.8,0.6509999007664129,0.7105999404598478
VAB_RBSP_like,2.0,113,38695.0,0.8,0.34676509774508335,0.8,0.6532349022549166,0.71194094135295
VAB_RBSP_like,2.0,114,38695.0,0.8,0.3445636212789071,0.8,0.6554363787210928,0.7132618272326557
VAB_RBSP_like,2.0,115,38695.0,0.8,0.3423951669597235,0.8,0.6576048330402765,0.714562899824166
VAB_RBSP_like,2.0,116,38695.0,0.8,0.34025923945532766,0.8,0.6597407605446723,0.7158444563268034
VAB_RBSP_like,2.0,117,38695.0,0.8,0.33815535086349774,0.8,0.6618446491365022,0.7171067894819014
VAB_RBSP_like,2.0,118,38695.0,0.8,0.3360830206005453,0.8,0.6639169793994547,0.718350187639673
VAB_RBSP_like,2.0,119,38695.0,0.8,0.3340417752915371,0.8,0.6659582247084629,0.7195749348250777
VAB_RBSP_like,2.0,120,38695.0,0.8,0.33203114866216404,0.8,0.6679688513378359,0.7207813108027016
VAB_RBSP_like,2.0,121,38695.0,0.8,0.3300506814322316,0.8,0.6699493185677684,0.7219695911406612
VAB_RBSP_like,2.0,122,38695.0,0.8,0.3280999212107481,0.8,0.671900078789252,0.7231400472735512
VAB_RBSP_like,2.0,123,38695.0,0.8,0.3261784223925869,0.8,0.6738215776074131,0.7242929465644479
VAB_RBSP_like,2.0,124,38695.0,0.8,0.3242857460566981,0.8,0.6757142539433019,0.7254285523659811
VAB_RBSP_like,2.0,125,38695.0,0.8,0.3224214598658476,0.8,0.6775785401341524,0.7265471240804915
VAB_RBSP_like,2.0,126,38695.0,0.8,0.32058513796785987,0.8,0.6794148620321401,0.7276489172192842
VAB_RBSP_like,2.0,127,38695.0,0.8,0.318776360898342,0.8,0.681223639101658,0.7287341834609948
VAB_RBSP_like,2.0,128,38695.0,0.8,0.31699471548486685,0.8,0.6830052845151331,0.72980317070908
VAB_RBSP_like,2.0,129,38695.0,0.8,0.31523979475259384,0.8,0.6847602052474062,0.7308561231484438
VAB_RBSP_like,2.0,130,38695.0,0.8,0.31351119783130493,0.8,0.686488802168695,0.7318932813012171
VAB_RBSP_like,2.0,131,38695.0,0.8,0.31180852986383534,0.8,0.6881914701361647,0.7329148820816989
VAB_RBSP_like,2.0,132,38695.0,0.8,0.3101314019158778,0.8,0.6898685980841222,0.7339211588504733
VAB_RBSP_like,2.0,133,38695.0,0.8,0.30847943088713964,0.8,0.6915205691128603,0.7349123414677162
VAB_RBSP_like,2.0,134,38695.0,0.8,0.30685223942383255,0.8,0.6931477605761674,0.7358886563457006
VAB_RBSP_like,2.0,135,38695.0,0.8,0.30524945583247504,0.8,0.694750544167525,0.7368503265005151
VAB_RBSP_like,2.0,136,38695.0,0.8,0.3036707139949879,0.8,0.6963292860050121,0.7377975716030073
VAB_RBSP_like,2.0,137,38695.0,0.8,0.30211565328506307,0.8,0.6978843467149369,0.7387306080289622
VAB_RBSP_like,2.0,138,38695.0,0.8,0.30058391848578714,0.8,0.6994160815142129,0.7396496489085278
VAB_RBSP_like,2.0,139,38695.0,0.8,0.29907515970850035,0.8,0.7009248402914996,0.7405549041748998
VAB_RBSP_like,2.0,140,38695.0,0.8,0.29758903231287287,0.8,0.7024109676871271,0.7414465806122763
VAB_RBSP_like,2.0,141,38695.0,0.8,0.2961251968281798,0.8,0.7038748031718203,0.7423248819030922
VAB_RBSP_like,2.0,142,38695.0,0.8,0.2946833188757571,0.8,0.7053166811242428,0.7431900086745458
VAB_RBSP_like,2.0,143,38695.0,0.8,0.29326306909262073,0.8,0.7067369309073792,0.7440421585444276
VAB_RBSP_like,2.0,144,38695.0,0.8,0.29186412305623144,0.8,0.7081358769437686,0.7448815261662611
VAB_RBSP_like,2.0,145,38695.0,0.8,0.29048616121038795,0.8,0.709513838789612,0.7457083032737672
VAB_RBSP_like,2.0,146,38695.0,0.8,0.28912886879223215,0.8,0.7108711312077678,0.7465226787246607
VAB_RBSP_like,2.0,147,38695.0,0.8,0.28779193576034867,0.8,0.7122080642396513,0.7473248385437908
VAB_RBSP_like,2.0,148,38695.0,0.8,0.28647505672394347,0.8,0.7135249432760565,0.748114965965634
VAB_RBSP_like,2.0,149,38695.0,0.8,0.2851779308730843,0.8,0.7148220691269157,0.7488932414761496
VAB_RBSP_like,2.0,150,38695.0,0.8,0.283900261909988,0.8,0.716099738090012,0.7496598428540073
VAB_RBSP_like,2.0,151,38695.0,0.8,0.28264175798133817,0.8,0.7173582420186618,0.7504149452111972
VAB_RBSP_like,2.0,152,38695.0,0.8,0.2814021316116181,0.8,0.7185978683883819,0.7511587210330293
VAB_RBSP_like,2.0,153,38695.0,0.8,0.2801810996374438,0.8,0.7198189003625561,0.7518913402175338
VAB_RBSP_like,2.0,154,38695.0,0.8,0.27897838314288215,0.8,0.7210216168571179,0.7526129701142708
VAB_RBSP_like,2.0,155,38695.0,0.8,0.27779370739573894,0.8,0.7222062926042611,0.7533237755625567
VAB_RBSP_like,2.0,156,38695.0,0.8,0.27662680178480287,0.8,0.7233731982151972,0.7540239189291184
VAB_RBSP_like,2.0,157,38695.0,0.8,0.2754773997580308,0.8,0.7245226002419691,0.7547135601451815
VAB_RBSP_like,2.0,158,38695.0,0.8,0.27434523876166034,0.8,0.7256547612383397,0.7553928567430039
VAB_RBSP_like,2.0,159,38695.0,0.8,0.27323006018023543,0.8,0.7267699398197646,0.7560619638918589
VAB_RBSP_like,2.0,160,38695.0,0.8,0.2721316092775319,0.8,0.7278683907224681,0.7567210344334809
VAB_RBSP_like,2.0,161,38695.0,0.8,0.2710496351383689,0.8,0.7289503648616311,0.7573702189169786
VAB_RBSP_like,2.0,162,38695.0,0.8,0.26998389061129335,0.8,0.7300161093887066,0.758009665633224
VAB_RBSP_like,2.0,163,38695.0,0.8,0.268934132252124,0.8,0.7310658677478761,0.7586395206487258
VAB_RBSP_like,2.0,164,38695.0,0.8,0.26790012026834215,0.8,0.7320998797316578,0.7592599278389947
VAB_RBSP_like,2.0,165,38695.0,0.8,0.266881618464317,0.8,0.733118381535683,0.7598710289214099
VAB_RBSP_like,2.0,166,38695.0,0.8,0.26587839418735226,0.8,0.7341216058126477,0.7604729634875886
VAB_RBSP_like,2.0,167,38695.0,0.8,0.26489021827454196,0.8,0.735109781725458,0.761065869035275
VAB_RBSP_like,2.0,168,38695.0,0.8,0.26391686500042383,0.8,0.7360831349995762,0.7616498809997458
VAB_RBSP_like,2.0,169,38695.0,0.8,0.26295811202541747,0.8,0.7370418879745826,0.7622251327847496
VAB_RBSP_like,2.0,170,38695.0,0.8,0.2620137403450362,0.8,0.7379862596549638,0.7627917557929783
VAB_RBSP_like,2.0,171,38695.0,0.8,0.2610835342398607,0.8,0.7389164657601393,0.7633498794560836
VAB_RBSP_like,2.0,172,38695.0,0.8,0.26016728122626276,0.8,0.7398327187737372,0.7638996312642423
VAB_RBSP_like,2.0,173,38695.0,0.8,0.2592647720078688,0.8,0.7407352279921312,0.7644411367952788
VAB_RBSP_like,2.0,174,38695.0,0.8,0.25837580042775077,0.8,0.7416241995722492,0.7649745197433495
VAB_RBSP_like,2.0,175,38695.0,0.8,0.2575001634213345,0.8,0.7424998365786655,0.7654999019471993
VAB_RBSP_like,2.0,176,38695.0,0.8,0.2566376609700145,0.8,0.7433623390299855,0.7660174034179914
VAB_RBSP_like,2.0,177,38695.0,0.8,0.25578809605546426,0.8,0.7442119039445357,0.7665271423667215
VAB_RBSP_like,2.0,178,38695.0,0.8,0.2549512746146323,0.8,0.7450487253853677,0.7670292352312207
VAB_RBSP_like,2.0,179,38695.0,0.8,0.2541270054954128,0.8,0.7458729945045872,0.7675237967027524
VAB_RBSP_like,2.0,180,38695.0,0.8,0.2533151004129816,0.8,0.7466848995870183,0.768010939752211
VAB_RBSP_like,5.0,0,2275.611111111111,0.0,1.0,0.0,0.0,0.0
VAB_RBSP_like,5.0,1,2275.611111111111,0.9999999999999986,1.0,0.9999999999999986,0.0,0.39999999999999947
VAB_RBSP_like,5.0,2,2275.611111111111,0.7500000000000003,0.985,0.7500000000000003,0.015000000000000013,0.30900000000000016
VAB_RBSP_like,5.0,3,2275.611111111111,0.8124999999999996,0.97396375,0.8124999999999996,0.026036249999999983,0.34062174999999983
VAB_RBSP_like,5.0,4,2275.611111111111,0.7968749999999998,0.962171675546875,0.7968749999999998,0.037828324453125006,0.34144699467187495
VAB_RBSP_like,5.0,5,2275.611111111111,0.8007812499999998,0.9507842022109632,0.8007812499999998,0.04921579778903684,0.34984197867342204
VAB_RBSP_like,5.0,6,2275.611111111111,0.7998046874999998,0.939511297175429,0.7998046874999998,0.06048870282457097,0.3562150966947425
VAB_RBSP_like,5.0,7,2275.611111111111,0.8000488281249998,0.928421380192301,0.8000488281249998,0.07157861980769897,0.3629667031346193
VAB_RBSP_like,5.0,8,2275.611111111111,0.7999877929687498,0.9174943794932885,0.7999877929687498,0.08250562050671151,0.36949848949152686
VAB_RBSP_like,5.0,9,2275.611111111111,0.8000030517578123,0.9067321317991276,0.8000030517578123,0.0932678682008724,0.3759619416236484
VAB_RBSP_like,5.0,10,2275.611111111111,0.7999992370605467,0.8961311083152377,0.7999992370605467,0.10386889168476232,0.3823210298350761
VAB_RBSP_like,5.0,11,2275.611111111111,0.8000001907348631,0.8856891519459158,0.8000001907348631,0.1143108480540842,0.38858658512639577
VAB_RBSP_like,5.0,12,2275.611111111111,0.799999952316284,0.8754038121327501,0.799999952316284,0.12459618786724991,0.39475769364686353
VAB_RBSP_like,5.0,13,2275.611111111111,0.8000000119209287,0.8652727555768964,0.8000000119209287,0.13472724442310358,0.40083635142223367
VAB_RBSP_like,5.0,14,2275.611111111111,0.7999999970197675,0.8552936640885201,0.7999999970197675,0.14470633591147986,0.40682380035479493
VAB_RBSP_like,5.0,15,2275.611111111111,0.8000000007450578,0.845464259165427,0.8000000007450578,0.154535740834573,0.41272144479876693
VAB_RBSP_like,5.0,16,2275.611111111111,0.7999999998137353,0.8357822952684968,0.7999999998137353,0.1642177047315032,0.418530622764396
VAB_RBSP_like,5.0,17,2275.611111111111,0.8000000000465659,0.8262455608418044,0.8000000000465659,0.17375443915819555,0.42425266351354374
VAB_RBSP_like,5.0,18,2275.611111111111,0.7999999999883582,0.8168518774286002,0.7999999999883582,0.18314812257139979,0.4298888735381832
VAB_RBSP_like,5.0,19,2275.611111111111,0.8000000000029102,0.8075990992673139,0.8000000000029102,0.19240090073268612,0.43544054044077574
VAB_RBSP_like,5.0,20,2275.611111111111,0.7999999999992722,0.798485112778269,0.7999999999992722,0.20151488722173105,0.4409089323327475
VAB_RBSP_like,5.0,21,2275.611111111111,0.8000000000001817,0.7895078360866036,0.8000000000001817,0.21049216391339642,0.44629529834811055
VAB_RBSP_like,5.0,22,2275.611111111111,0.7999999999999543,0.7806652185453024,0.7999999999999543,0.21933478145469765,0.4516008688728003
VAB_RBSP_like,5.0,23,2275.611111111111,0.8000000000000111,0.7719552402671234,0.8000000000000111,0.22804475973287663,0.4568268558397305
VAB_RBSP_like,5.0,24,2275.611111111111,0.7999999999999969,0.7633759116631164,0.7999999999999969,0.23662408833688364,0.46197445300212897
VAB_RBSP_like,5.0,25,2275.611111111111,0.8000000000000005,0.7549252729881697,0.8000000000000005,0.2450747270118303,0.4670448362070984
VAB_RBSP_like,5.0,26,2275.611111111111,0.7999999999999996,0.7466013938933471,0.7999999999999996,0.2533986061066529,0.47203916366399157
VAB_RBSP_like,5.0,27,2275.611111111111,0.7999999999999998,0.7384023729849469,0.7999999999999998,0.26159762701505307,0.4769585762090318
VAB_RBSP_like,5.0,28,2275.611111111111,0.7999999999999998,0.7303263373901727,0.7999999999999998,0.2696736626098273,0.4818041975658963
VAB_RBSP_like,5.0,29,2275.611111111111,0.7999999999999998,0.7223714423293202,0.7999999999999998,0.27762855767067984,0.4865771346024078
VAB_RBSP_like,5.0,30,2275.611111111111,0.7999999999999998,0.7145358706943804,0.7999999999999998,0.2854641293056196,0.49127847758337173
VAB_RBSP_like,5.0,31,2275.611111111111,0.7999999999999998,0.7068178326339647,0.7999999999999998,0.2931821673660353,0.4959093004196211
VAB_RBSP_like,5.0,32,2275.611111111111,0.7999999999999998,0.6992155651444553,0.7999999999999998,0.30078443485554474,0.5004706609133268
VAB_RBSP_like,5.0,33,2275.611111111111,0.7999999999999998,0.6917273316672884,0.7999999999999998,0.3082726683327116,0.5049636009996269
VAB_RBSP_like,5.0,34,2275.611111111111,0.7999999999999998,0.684351421692279,0.7999999999999998,0.315648578307721,0.5093891469846326
VAB_RBSP_like,5.0,35,2275.611111111111,0.7999999999999998,0.6770861503668948,0.7999999999999998,0.3229138496331052,0.5137483097798631
VAB_RBSP_like,5.0,36,2275.611111111111,0.7999999999999998,0.6699298581113914,0.7999999999999998,0.3300701418886086,0.5180420851331651
VAB_RBSP_like,5.0,37,2275.611111111111,0.7999999999999998,0.6628809102397205,0.7999999999999998,0.3371190897602795,0.5222714538561677
VAB_RBSP_like,5.0,38,2275.611111111111,0.7999999999999998,0.6559376965861247,0.7999999999999998,0.34406230341387534,0.5264373820483251
VAB_RBSP_like,5.0,39,2275.611111111111,0.7999999999999998,0.6490986311373328,0.7999999999999998,0.3509013688626672,0.5305408213176003
VAB_RBSP_like,5.0,40,2275.611111111111,0.7999999999999998,0.6423621516702728,0.7999999999999998,0.3576378483297272,0.5345827089978363
VAB_RBSP_like,5.0,41,2275.611111111111,0.7999999999999998,0.6357267193952186,0.7999999999999998,0.36427328060478137,0.5385639683628688
VAB_RBSP_like,5.0,42,2275.611111111111,0.7999999999999998,0.6291908186042904,0.7999999999999998,0.3708091813957096,0.5424855088374257
VAB_RBSP_like,5.0,43,2275.611111111111,0.7999999999999998,0.622752956325226,0.7999999999999998,0.377247043674774,0.5463482262048643
VAB_RBSP_like,5.0,44,2275.611111111111,0.7999999999999998,0.6164116619803476,0.7999999999999998,0.3835883380196524,0.5501530028117914
VAB_RBSP_like,5.0,45,2275.611111111111,0.7999999999999998,0.6101654870506423,0.7999999999999998,0.38983451294935767,0.5539007077696145
VAB_RBSP_like,5.0,46,2275.611111111111,0.7999999999999998,0.6040130047448827,0.7999999999999998,0.39598699525511727,0.5575921971530703
VAB_RBSP_like,5.0,47,2275.611111111111,0.7999999999999998,0.5979528096737095,0.7999999999999998,0.40204719032629055,0.5612283141957742
VAB_RBSP_like,5.0,48,2275.611111111111,0.7999999999999998,0.5919835175286038,0.7999999999999998,0.4080164824713962,0.5648098894828377
VAB_RBSP_like,5.0,49,2275.611111111111,0.7999999999999998,0.5861037647656747,0.7999999999999998,0.4138962352343253,0.5683377411405951
VAB_RBSP_like,5.0,50,2275.611111111111,0.7999999999999998,0.5803122082941896,0.7999999999999998,0.4196877917058104,0.5718126750234862
VAB_RBSP_like,5.0,51,2275.611111111111,0.7999999999999998,0.5746075251697768,0.7999999999999998,0.42539247483022324,0.5752354848981338
VAB_RBSP_like,5.0,52,2275.611111111111,0.7999999999999998,0.5689884122922301,0.7999999999999998,0.4310115877077699,0.5786069526246619
VAB_RBSP_like,5.0,53,2275.611111111111,0.7999999999999998,0.5634535861078466,0.7999999999999998,0.43654641389215343,0.581927848335292
VAB_RBSP_like,5.0,54,2275.611111111111,0.7999999999999998,0.5580017823162289,0.7999999999999998,0.4419982176837711,0.5851989306102626
VAB_RBSP_like,5.0,55,2275.611111111111,0.7999999999999998,0.5526317555814855,0.7999999999999998,0.4473682444185145,0.5884209466511087
VAB_RBSP_like,5.0,56,2275.611111111111,0.7999999999999998,0.5473422792477632,0.7999999999999998,0.45265772075223676,0.5915946324513419
VAB_RBSP_like,5.0,57,2275.611111111111,0.7999999999999998,0.5421321450590468,0.7999999999999998,0.45786785494095317,0.5947207129645719
VAB_RBSP_like,5.0,58,2275.611111111111,0.7999999999999998,0.5370001628831611,0.7999999999999998,0.4629998371168389,0.5977999022701033
VAB_RBSP_like,5.0,59,2275.611111111111,0.7999999999999998,0.5319451604399137,0.7999999999999998,0.4680548395600863,0.6008329037360518
VAB_RBSP_like,5.0,60,2275.611111111111,0.7999999999999998,0.526965983033315,0.7999999999999998,0.473034016966685,0.6038204101800109
VAB_RBSP_like,5.0,61,2275.611111111111,0.7999999999999998,0.5220614932878153,0.7999999999999998,0.47793850671218474,0.6067631040273107
VAB_RBSP_like,5.0,62,2275.611111111111,0.7999999999999998,0.517230570888498,0.7999999999999998,0.482769429111502,0.6096616574669012
VAB_RBSP_like,5.0,63,2275.611111111111,0.7999999999999998,0.5124721123251705,0.7999999999999998,0.48752788767482946,0.6125167326048977
VAB_RBSP_like,5.0,64,2275.611111111111,0.7999999999999998,0.507785030640293,0.7999999999999998,0.492214969359707,0.615328981615824
VAB_RBSP_like,5.0,65,2275.611111111111,0.7999999999999998,0.5031682551806886,0.7999999999999998,0.49683174481931136,0.6180990468915868
VAB_RBSP_like,5.0,66,2275.611111111111,0.7999999999999998,0.4986207313529783,0.7999999999999998,0.5013792686470218,0.620827561188213
VAB_RBSP_like,5.0,67,2275.611111111111,0.7999999999999998,0.4941414203826836,0.7999999999999998,0.5058585796173164,0.6235151477703897
VAB_RBSP_like,5.0,68,2275.611111111111,0.7999999999999998,0.48972929907694335,0.7999999999999998,0.5102707009230567,0.626162420553834
VAB_RBSP_like,5.0,69,2275.611111111111,0.7999999999999998,0.4853833595907892,0.7999999999999998,0.5146166404092107,0.6287699842455263
VAB_RBSP_like,5.0,70,2275.611111111111,0.7999999999999998,0.4811026091969274,0.7999999999999998,0.5188973908030726,0.6313384344818436
VAB_RBSP_like,5.0,71,2275.611111111111,0.7999999999999998,0.4768860700589735,0.7999999999999998,0.5231139299410266,0.6338683579646158
VAB_RBSP_like,5.0,72,2275.611111111111,0.7999999999999998,0.4727327790080889,0.7999999999999998,0.5272672209919111,0.6363603325951466
VAB_RBSP_like,5.0,73,2275.611111111111,0.7999999999999998,0.4686417873229676,0.7999999999999998,0.5313582126770324,0.6388149276062194
VAB_RBSP_like,5.0,74,2275.611111111111,0.7999999999999998,0.46461216051312304,0.7999999999999998,0.535387839486877,0.6412327036921261
VAB_RBSP_like,5.0,75,2275.611111111111,0.7999999999999998,0.4606429781054262,0.7999999999999998,0.5393570218945738,0.6436142131367442
VAB_RBSP_like,5.0,76,2275.611111111111,0.7999999999999998,0.4567333334338448,0.7999999999999998,0.5432666665661552,0.645959999939693
VAB_RBSP_like,5.0,77,2275.611111111111,0.7999999999999998,0.45288233343233714,0.7999999999999998,0.5471176665676629,0.6482705999405978
VAB_RBSP_like,5.0,78,2275.611111111111,0.7999999999999998,0.4490890984308521,0.7999999999999998,0.5509109015691479,0.6505465409414887
VAB_RBSP_like,5.0,79,2275.611111111111,0.7999999999999998,0.44535276195438933,0.7999999999999998,0.5546472380456107,0.6527883428273664
VAB_RBSP_like,5.0,80,2275.611111111111,0.7999999999999998,0.44167247052507347,0.7999999999999998,0.5583275294749266,0.6549965176849559
VAB_RBSP_like,5.0,81,2275.611111111111,0.7999999999999998,0.43804738346719735,0.7999999999999998,0.5619526165328026,0.6571715699196815
VAB_RBSP_like,5.0,82,2275.611111111111,0.7999999999999998,0.4344766727151894,0.7999999999999998,0.5655233272848106,0.6593139963708863
VAB_RBSP_like,5.0,83,2275.611111111111,0.7999999999999998,0.4309595226244616,0.7999999999999998,0.5690404773755384,0.661424286425323
VAB_RBSP_like,5.0,84,2275.611111111111,0.7999999999999998,0.42749512978509463,0.7999999999999998,0.5725048702149054,0.6635029221289432
VAB_RBSP_like,5.0,85,2275.611111111111,0.7999999999999998,0.4240827028383182,0.7999999999999998,0.5759172971616817,0.6655503782970089
VAB_RBSP_like,5.0,86,2275.611111111111,0.7999999999999998,0.4207214622957435,0.7999999999999998,0.5792785377042565,0.6675671226225539
VAB_RBSP_like,5.0,87,2275.611111111111,0.7999999999999998,0.4174106403613073,0.7999999999999998,0.5825893596386926,0.6695536157832156
VAB_RBSP_like,5.0,88,2275.611111111111,0.7999999999999998,0.4141494807558877,0.7999999999999998,0.5858505192441124,0.6715103115464673
VAB_RBSP_like,5.0,89,2275.611111111111,0.7999999999999998,0.4109372385445494,0.7999999999999998,0.5890627614554507,0.6734376568732703
VAB_RBSP_like,5.0,90,2275.611111111111,0.7999999999999998,0.4077731799663811,0.7999999999999998,0.5922268200336189,0.6753360920201713
VAB_RBSP_like,5.0,91,2275.611111111111,0.7999999999999998,0.4046565822668854,0.7999999999999998,0.5953434177331146,0.6772060506398687
VAB_RBSP_like,5.0,92,2275.611111111111,0.7999999999999998,0.4015867335328821,0.7999999999999998,0.5984132664671179,0.6790479598802707
VAB_RBSP_like,5.0,93,2275.611111111111,0.7999999999999998,0.3985629325298889,0.7999999999999998,0.601437067470111,0.6808622404820666
VAB_RBSP_like,5.0,94,2275.611111111111,0.7999999999999998,0.39558448854194056,0.7999999999999998,0.6044155114580594,0.6826493068748356
VAB_RBSP_like,5.0,95,2275.611111111111,0.7999999999999998,0.39265072121381145,0.7999999999999998,0.6073492787861885,0.684409567271713
VAB_RBSP_like,5.0,96,2275.611111111111,0.7999999999999998,0.38976096039560426,0.7999999999999998,0.6102390396043957,0.6861434237626374
VAB_RBSP_like,5.0,97,2275.611111111111,0.7999999999999998,0.3869145459896702,0.7999999999999998,0.6130854540103299,0.6878512724061978
VAB_RBSP_like,5.0,98,2275.611111111111,0.7999999999999998,0.38411082779982514,0.7999999999999998,0.6158891722001749,0.6895335033201049
VAB_RBSP_like,5.0,99,2275.611111111111,0.7999999999999998,0.38134916538282776,0.7999999999999998,0.6186508346171722,0.6911905007703032
VAB_RBSP_like,5.0,100,2275.611111111111,0.7999999999999998,0.37862892790208535,0.7999999999999998,0.6213710720979146,0.6928226432587488
VAB_RBSP_like,5.0,101,2275.611111111111,0.7999999999999998,0.3759494939835541,0.7999999999999998,0.6240505060164458,0.6944303036098675
VAB_RBSP_like,5.0,102,2275.611111111111,0.7999999999999998,0.37331025157380077,0.7999999999999998,0.6266897484261993,0.6960138490557195
VAB_RBSP_like,5.0,103,2275.611111111111,0.7999999999999998,0.3707105978001938,0.7999999999999998,0.6292894021998062,0.6975736413198836
VAB_RBSP_like,5.0,104,2275.611111111111,0.7999999999999998,0.36814993883319086,0.7999999999999998,0.6318500611668092,0.6991100367000855
VAB_RBSP_like,5.0,105,2275.611111111111,0.7999999999999998,0.365627689750693,0.7999999999999998,0.6343723102493071,0.7006233861495842
VAB_RBSP_like,5.0,106,2275.611111111111,0.7999999999999998,0.3631432744044326,0.7999999999999998,0.6368567255955674,0.7021140353573403
VAB_RBSP_like,5.0,107,2275.611111111111,0.7999999999999998,0.36069612528836614,0.7999999999999998,0.6393038747116339,0.7035823248269802
VAB_RBSP_like,5.0,108,2275.611111111111,0.7999999999999998,0.35828568340904066,0.7999999999999998,0.6417143165909593,0.7050285899545756
VAB_RBSP_like,5.0,109,2275.611111111111,0.7999999999999998,0.35591139815790507,0.7999999999999998,0.6440886018420949,0.7064531611052569
VAB_RBSP_like,5.0,110,2275.611111111111,0.7999999999999998,0.3535727271855365,0.7999999999999998,0.6464272728144635,0.7078563636886781
VAB_RBSP_like,5.0,111,2275.611111111111,0.7999999999999998,0.35126913627775347,0.7999999999999998,0.6487308637222465,0.7092385182333478
VAB_RBSP_like,5.0,112,2275.611111111111,0.7999999999999998,0.34900009923358716,0.7999999999999998,0.6509999007664129,0.7105999404598478
VAB_RBSP_like,5.0,113,2275.611111111111,0.7999999999999998,0.34676509774508335,0.7999999999999998,0.6532349022549166,0.7119409413529499
VAB_RBSP_like,5.0,114,2275.611111111111,0.7999999999999998,0.3445636212789071,0.7999999999999998,0.6554363787210928,0.7132618272326556
VAB_RBSP_like,5.0,115,2275.611111111111,0.7999999999999998,0.3423951669597235,0.7999999999999998,0.6576048330402765,0.7145628998241658
VAB_RBSP_like,5.0,116,2275.611111111111,0.7999999999999998,0.34025923945532766,0.7999999999999998,0.6597407605446723,0.7158444563268034
VAB_RBSP_like,5.0,117,2275.611111111111,0.7999999999999998,0.33815535086349774,0.7999999999999998,0.6618446491365022,0.7171067894819012
VAB_RBSP_like,5.0,118,2275.611111111111,0.7999999999999998,0.3360830206005453,0.7999999999999998,0.6639169793994547,0.7183501876396727
VAB_RBSP_like,5.0,119,2275.611111111111,0.7999999999999998,0.3340417752915371,0.7999999999999998,0.6659582247084629,0.7195749348250777
VAB_RBSP_like,5.0,120,2275.611111111111,0.7999999999999998,0.33203114866216404,0.7999999999999998,0.6679688513378359,0.7207813108027015
VAB_RBSP_like,5.0,121,2275.611111111111,0.7999999999999998,0.3300506814322316,0.7999999999999998,0.6699493185677684,0.721969591140661
VAB_RBSP_like,5.0,122,2275.611111111111,0.7999999999999998,0.3280999212107481,0.7999999999999998,0.671900078789252,0.7231400472735512
VAB_RBSP_like,5.0,123,2275.611111111111,0.7999999999999998,0.3261784223925869,0.7999999999999998,0.6738215776074131,0.7242929465644479
VAB_RBSP_like,5.0,124,2275.611111111111,0.7999999999999998,0.3242857460566981,0.7999999999999998,0.6757142539433019,0.7254285523659811
VAB_RBSP_like,5.0,125,2275.611111111111,0.7999999999999998,0.3224214598658476,0.7999999999999998,0.6775785401341524,0.7265471240804914
VAB_RBSP_like,5.0,126,2275.611111111111,0.7999999999999998,0.32058513796785987,0.7999999999999998,0.6794148620321401,0.7276489172192839
VAB_RBSP_like,5.0,127,2275.611111111111,0.7999999999999998,0.318776360898342,0.7999999999999998,0.681223639101658,0.7287341834609947
VAB_RBSP_like,5.0,128,2275.611111111111,0.7999999999999998,0.31699471548486685,0.7999999999999998,0.6830052845151331,0.7298031707090797
VAB_RBSP_like,5.0,129,2275.611111111111,0.7999999999999998,0.31523979475259384,0.7999999999999998,0.6847602052474062,0.7308561231484436
VAB_RBSP_like,5.0,130,2275.611111111111,0.7999999999999998,0.31351119783130493,0.7999999999999998,0.686488802168695,0.7318932813012169
VAB_RBSP_like,5.0,131,2275.611111111111,0.7999999999999998,0.31180852986383534,0.7999999999999998,0.6881914701361647,0.7329148820816987
VAB_RBSP_like,5.0,132,2275.611111111111,0.7999999999999998,0.3101314019158778,0.7999999999999998,0.6898685980841222,0.7339211588504733
VAB_RBSP_like,5.0,133,2275.611111111111,0.7999999999999998,0.30847943088713964,0.7999999999999998,0.6915205691128603,0.7349123414677161
VAB_RBSP_like,5.0,134,2275.611111111111,0.7999999999999998,0.30685223942383255,0.7999999999999998,0.6931477605761674,0.7358886563457003
VAB_RBSP_like,5.0,135,2275.611111111111,0.7999999999999998,0.3052494558324751,0.7999999999999998,0.6947505441675249,0.7368503265005149
VAB_RBSP_like,5.0,136,2275.611111111111,0.7999999999999998,0.30367071399498796,0.7999999999999998,0.6963292860050121,0.7377975716030072
VAB_RBSP_like,5.0,137,2275.611111111111,0.7999999999999998,0.3021156532850631,0.7999999999999998,0.6978843467149369,0.7387306080289622
VAB_RBSP_like,5.0,138,2275.611111111111,0.7999999999999998,0.3005839184857872,0.7999999999999998,0.6994160815142128,0.7396496489085276
VAB_RBSP_like,5.0,139,2275.611111111111,0.7999999999999998,0.2990751597085004,0.7999999999999998,0.7009248402914996,0.7405549041748998
VAB_RBSP_like,5.0,140,2275.611111111111,0.7999999999999998,0.2975890323128729,0.7999999999999998,0.7024109676871271,0.7414465806122762
VAB_RBSP_like,5.0,141,2275.611111111111,0.7999999999999998,0.29612519682817984,0.7999999999999998,0.7038748031718202,0.7423248819030921
VAB_RBSP_like,5.0,142,2275.611111111111,0.7999999999999998,0.29468331887575716,0.7999999999999998,0.7053166811242428,0.7431900086745457
VAB_RBSP_like,5.0,143,2275.611111111111,0.7999999999999998,0.2932630690926208,0.7999999999999998,0.7067369309073792,0.7440421585444275
VAB_RBSP_like,5.0,144,2275.611111111111,0.7999999999999998,0.2918641230562315,0.7999999999999998,0.7081358769437684,0.744881526166261
VAB_RBSP_like,5.0,145,2275.611111111111,0.7999999999999998,0.290486161210388,0.7999999999999998,0.709513838789612,0.7457083032737672
VAB_RBSP_like,5.0,146,2275.611111111111,0.7999999999999998,0.2891288687922322,0.7999999999999998,0.7108711312077678,0.7465226787246606
VAB_RBSP_like,5.0,147,2275.611111111111,0.7999999999999998,0.2877919357603487,0.7999999999999998,0.7122080642396513,0.7473248385437907
VAB_RBSP_like,5.0,148,2275.611111111111,0.7999999999999998,0.2864750567239435,0.7999999999999998,0.7135249432760564,0.7481149659656339
VAB_RBSP_like,5.0,149,2275.611111111111,0.7999999999999998,0.28517793087308435,0.7999999999999998,0.7148220691269156,0.7488932414761493
VAB_RBSP_like,5.0,150,2275.611111111111,0.7999999999999998,0.28390026190998807,0.7999999999999998,0.7160997380900119,0.7496598428540071
VAB_RBSP_like,5.0,151,2275.611111111111,0.7999999999999998,0.2826417579813382,0.7999999999999998,0.7173582420186617,0.750414945211197
VAB_RBSP_like,5.0,152,2275.611111111111,0.7999999999999998,0.28140213161161814,0.7999999999999998,0.7185978683883818,0.751158721033029
VAB_RBSP_like,5.0,153,2275.611111111111,0.7999999999999998,0.28018109963744386,0.7999999999999998,0.7198189003625561,0.7518913402175336
VAB_RBSP_like,5.0,154,2275.611111111111,0.7999999999999998,0.2789783831428822,0.7999999999999998,0.7210216168571177,0.7526129701142705
VAB_RBSP_like,5.0,155,2275.611111111111,0.7999999999999998,0.27779370739573894,0.7999999999999998,0.7222062926042611,0.7533237755625566
VAB_RBSP_like,5.0,156,2275.611111111111,0.7999999999999998,0.27662680178480287,0.7999999999999998,0.7233731982151972,0.7540239189291182
VAB_RBSP_like,5.0,157,2275.611111111111,0.7999999999999998,0.2754773997580308,0.7999999999999998,0.7245226002419691,0.7547135601451814
VAB_RBSP_like,5.0,158,2275.611111111111,0.7999999999999998,0.27434523876166034,0.7999999999999998,0.7256547612383397,0.7553928567430037
VAB_RBSP_like,5.0,159,2275.611111111111,0.7999999999999998,0.27323006018023543,0.7999999999999998,0.7267699398197646,0.7560619638918586
VAB_RBSP_like,5.0,160,2275.611111111111,0.7999999999999998,0.2721316092775319,0.7999999999999998,0.7278683907224681,0.7567210344334808
VAB_RBSP_like,5.0,161,2275.611111111111,0.7999999999999998,0.2710496351383689,0.7999999999999998,0.7289503648616311,0.7573702189169786
VAB_RBSP_like,5.0,162,2275.611111111111,0.7999999999999998,0.26998389061129335,0.7999999999999998,0.7300161093887066,0.7580096656332239
VAB_RBSP_like,5.0,163,2275.611111111111,0.7999999999999998,0.268934132252124,0.7999999999999998,0.7310658677478761,0.7586395206487255
VAB_RBSP_like,5.0,164,2275.611111111111,0.7999999999999998,0.26790012026834215,0.7999999999999998,0.7320998797316578,0.7592599278389947
VAB_RBSP_like,5.0,165,2275.611111111111,0.7999999999999998,0.266881618464317,0.7999999999999998,0.733118381535683,0.7598710289214097
VAB_RBSP_like,5.0,166,2275.611111111111,0.7999999999999998,0.26587839418735226,0.7999999999999998,0.7341216058126477,0.7604729634875886
VAB_RBSP_like,5.0,167,2275.611111111111,0.7999999999999998,0.26489021827454196,0.7999999999999998,0.735109781725458,0.7610658690352747
VAB_RBSP_like,5.0,168,2275.611111111111,0.7999999999999998,0.26391686500042383,0.7999999999999998,0.7360831349995762,0.7616498809997456
VAB_RBSP_like,5.0,169,2275.611111111111,0.7999999999999998,0.26295811202541747,0.7999999999999998,0.7370418879745826,0.7622251327847496
VAB_RBSP_like,5.0,170,2275.611111111111,0.7999999999999998,0.2620137403450362,0.7999999999999998,0.7379862596549638,0.7627917557929782
VAB_RBSP_like,5.0,171,2275.611111111111,0.7999999999999998,0.2610835342398607,0.7999999999999998,0.7389164657601393,0.7633498794560836
VAB_RBSP_like,5.0,172,2275.611111111111,0.7999999999999998,0.26016728122626276,0.7999999999999998,0.7398327187737372,0.7638996312642423
VAB_RBSP_like,5.0,173,2275.611111111111,0.7999999999999998,0.2592647720078688,0.7999999999999998,0.7407352279921312,0.7644411367952786
VAB_RBSP_like,5.0,174,2275.611111111111,0.7999999999999998,0.25837580042775077,0.7999999999999998,0.7416241995722492,0.7649745197433495
VAB_RBSP_like,5.0,175,2275.611111111111,0.7999999999999998,0.2575001634213345,0.7999999999999998,0.7424998365786655,0.7654999019471993
VAB_RBSP_like,5.0,176,2275.611111111111,0.7999999999999998,0.2566376609700145,0.7999999999999998,0.7433623390299855,0.7660174034179912
VAB_RBSP_like,5.0,177,2275.611111111111,0.7999999999999998,0.25578809605546426,0.7999999999999998,0.7442119039445357,0.7665271423667214
VAB_RBSP_like,5.0,178,2275.611111111111,0.7999999999999998,0.2549512746146323,0.7999999999999998,0.7450487253853677,0.7670292352312206
VAB_RBSP_like,5.0,179,2275.611111111111,0.7999999999999998,0.25412700549541284,0.7999999999999998,0.7458729945045872,0.7675237967027523
VAB_RBSP_like,5.0,180,2275.611111111111,0.7999999999999998,0.25331510041298166,0.7999999999999998,0.7466848995870183,0.768010939752211
VAB_RBSP_like,10.0,0,187.68888888888887,0.0,1.0,0.0,0.0,0.0
VAB_RBSP_like,10.0,1,187.68888888888887,0.9401152461717976,1.0,0.9401152461717976,0.0,0.37604609846871906
VAB_RBSP_like,10.0,2,187.68888888888887,0.7613850047159862,0.985898271307423,0.7613850047159862,0.014101728692576976,0.31301503910194073
VAB_RBSP_like,10.0,3,187.68888888888887,0.7953643485687026,0.9746808540942675,0.7953643485687026,0.025319145905732476,0.33333722697092055
VAB_RBSP_like,10.0,4,187.68888888888887,0.7889043572473873,0.9631284154932986,0.7889043572473873,0.03687158450670136,0.33768469360297576
VAB_RBSP_like,10.0,5,187.68888888888887,0.7901325000877069,0.9518417871932472,0.7901325000877069,0.04815821280675281,0.3449479277191344
VAB_RBSP_like,10.0,6,187.68888888888887,0.7898990114092853,0.9407050448666232,0.7898990114092853,0.05929495513337679,0.3515365776437402
VAB_RBSP_like,10.0,7,187.68888888888887,0.7899434011668618,0.9297369999575053,0.7899434011668618,0.07026300004249475,0.3581351604922416
VAB_RBSP_like,10.0,8,187.68888888888887,0.7899349619971726,0.9189311948385761,0.7899349619971726,0.0810688051614239,0.3646152678957234
VAB_RBSP_like,10.0,9,187.68888888888887,0.7899365664119955,0.908285963076968,0.7899365664119955,0.09171403692303204,0.37100304871861745
VAB_RBSP_like,10.0,10,187.68888888888887,0.7899362613882766,0.8977987807628386,0.7899362613882766,0.10220121923716141,0.37729523609760746
VAB_RBSP_like,10.0,11,187.68888888888887,0.789936319377936,0.8874673272352288,0.789936319377936,0.11253267276477119,0.38349413141003713
VAB_RBSP_like,10.0,12,187.68888888888887,0.7899363083532176,0.8772892851428575,0.7899363083532176,0.12271071485714247,0.38960095225557256
VAB_RBSP_like,10.0,13,187.68888888888887,0.7899363104491847,0.8672623773984752,0.7899363104491847,0.13273762260152477,0.39561709774058873
VAB_RBSP_like,10.0,14,187.68888888888887,0.7899363100507093,0.8573843596273767,0.7899363100507093,0.1426156403726233,0.4015439082438577
VAB_RBSP_like,10.0,15,187.68888888888887,0.7899363101264656,0.847653020988406,0.7899363101264656,0.152346979011594,0.4073827114575426
VAB_RBSP_like,10.0,16,187.68888888888887,0.7899363101120631,0.8380661834304338,0.7899363101120631,0.16193381656956618,0.413134813986565
VAB_RBSP_like,10.0,17,187.68888888888887,0.7899363101148013,0.8286217012516115,0.7899363101148013,0.1713782987483885,0.41880150329495364
VAB_RBSP_like,10.0,18,187.68888888888887,0.7899363101142807,0.8193174606103405,0.7899363101142807,0.1806825393896595,0.424384047679508
VAB_RBSP_like,10.0,19,187.68888888888887,0.7899363101143797,0.8101513790538084,0.7899363101143797,0.1898486209461916,0.4298836966134668
VAB_RBSP_like,10.0,20,187.68888888888887,0.7899363101143608,0.8011214050515894,0.7899363101143608,0.19887859494841065,0.4353016810147907
VAB_RBSP_like,10.0,21,187.68888888888887,0.7899363101143644,0.7922255175365334,0.7899363101143644,0.20777448246346664,0.44063921352382573
VAB_RBSP_like,10.0,22,187.68888888888887,0.7899363101143637,0.783461725452405,0.7899363101143637,0.216538274547595,0.44589748877430246
VAB_RBSP_like,10.0,23,187.68888888888887,0.7899363101143639,0.7748280673082522,0.7899363101143639,0.22517193269174784,0.4510776836607943
VAB_RBSP_like,10.0,24,187.68888888888887,0.7899363101143638,0.7663226107393896,0.7899363101143638,0.23367738926061044,0.4561809576021118
VAB_RBSP_like,10.0,25,187.68888888888887,0.7899363101143639,0.7579434520749012,0.7899363101143639,0.2420565479250988,0.4612084528008049
VAB_RBSP_like,10.0,26,187.68888888888887,0.7899363101143638,0.7496887159115656,0.7899363101143638,0.2503112840884344,0.46616129449880617
VAB_RBSP_like,10.0,27,187.68888888888887,0.7899363101143639,0.7415565546941075,0.7899363101143639,0.25844344530589247,0.4710405912292811
VAB_RBSP_like,10.0,28,187.68888888888887,0.7899363101143638,0.7335451483016825,0.7899363101143638,0.2664548516983175,0.47584743506473604
VAB_RBSP_like,10.0,29,187.68888888888887,0.7899363101143639,0.7256527036405016,0.7899363101143639,0.2743472963594984,0.48058290186144464
VAB_RBSP_like,10.0,30,187.68888888888887,0.7899363101143638,0.7178774542425057,0.7899363101143638,0.2821225457574943,0.4852480515002421
VAB_RBSP_like,10.0,31,187.68888888888887,0.7899363101143639,0.710217659869999,0.7899363101143639,0.28978234013000104,0.4898439281237462
VAB_RBSP_like,10.0,32,187.68888888888887,0.7899363101143638,0.7026716061261525,0.7899363101143638,0.29732839387384746,0.49437156037005403
VAB_RBSP_like,10.0,33,187.68888888888887,0.7899363101143639,0.6952376040712926,0.7899363101143639,0.30476239592870735,0.49883196160297005
VAB_RBSP_like,10.0,34,187.68888888888887,0.7899363101143638,0.6879139898448864,0.7899363101143638,0.3120860101551136,0.5032261301388137
VAB_RBSP_like,10.0,35,187.68888888888887,0.7899363101143639,0.68069912429314,0.7899363101143639,0.31930087570686005,0.5075550494698616
VAB_RBSP_like,10.0,36,187.68888888888887,0.7899363101143638,0.6735913926021275,0.7899363101143638,0.3264086073978725,0.511819688484469
VAB_RBSP_like,10.0,37,187.68888888888887,0.7899363101143639,0.6665892039363673,0.7899363101143639,0.33341079606363266,0.5160210016839252
VAB_RBSP_like,10.0,38,187.68888888888887,0.7899363101143638,0.6596909910827647,0.7899363101143638,0.34030900891723526,0.5201599293960867
VAB_RBSP_like,10.0,39,187.68888888888887,0.7899363101143639,0.6528952100998423,0.7899363101143639,0.3471047899001577,0.5242373979858402
VAB_RBSP_like,10.0,40,187.68888888888887,0.7899363101143638,0.6462003399721786,0.7899363101143638,0.35379966002782137,0.5282543200624383
VAB_RBSP_like,10.0,41,187.68888888888887,0.7899363101143639,0.639604882269978,0.7899363101143639,0.360395117730022,0.5322115946837588
VAB_RBSP_like,10.0,42,187.68888888888887,0.7899363101143638,0.6331073608136959,0.7899363101143638,0.3668926391863041,0.536110107557528
VAB_RBSP_like,10.0,43,187.68888888888887,0.7899363101143639,0.6267063213436436,0.7899363101143639,0.37329367865635643,0.5399507312395595
VAB_RBSP_like,10.0,44,187.68888888888887,0.7899363101143638,0.6204003311944994,0.7899363101143638,0.37959966880550056,0.5437343253290459
VAB_RBSP_like,10.0,45,187.68888888888887,0.7899363101143639,0.6141879789746533,0.7899363101143639,0.38581202102534673,0.5474617366609537
VAB_RBSP_like,10.0,46,187.68888888888887,0.7899363101143638,0.6080678742503117,0.7899363101143638,0.3919321257496883,0.5511337994955585
VAB_RBSP_like,10.0,47,187.68888888888887,0.7899363101143639,0.6020386472342951,0.7899363101143639,0.3979613527657049,0.5547513357051685
VAB_RBSP_like,10.0,48,187.68888888888887,0.7899363101143638,0.5960989484794547,0.7899363101143638,0.40390105152054534,0.5583151549580727
VAB_RBSP_like,10.0,49,187.68888888888887,0.7899363101143639,0.5902474485766426,0.7899363101143639,0.4097525514233574,0.56182605489976
VAB_RBSP_like,10.0,50,187.68888888888887,0.7899363101143638,0.5844828378571669,0.7899363101143638,0.4155171621428331,0.5652848213314454
VAB_RBSP_like,10.0,51,187.68888888888887,0.7899363101143639,0.5788038260996645,0.7899363101143639,0.4211961739003355,0.5686922283859469
VAB_RBSP_like,10.0,52,187.68888888888887,0.7899363101143638,0.5732091422413268,0.7899363101143638,0.4267908577586732,0.5720490387009495
VAB_RBSP_like,10.0,53,187.68888888888887,0.7899363101143639,0.5676975340934138,0.7899363101143639,0.43230246590658616,0.5753560035896973
VAB_RBSP_like,10.0,54,187.68888888888887,0.7899363101143638,0.562267768060992,0.7899363101143638,0.437732231939008,0.5786138632091504
VAB_RBSP_like,10.0,55,187.68888888888887,0.7899363101143639,0.556918628866834,0.7899363101143639,0.44308137113316604,0.5818233467256453
VAB_RBSP_like,10.0,56,187.68888888888887,0.7899363101143638,0.5516489192794182,0.7899363101143638,0.44835108072058183,0.5849851724780946
VAB_RBSP_like,10.0,57,187.68888888888887,0.7899363101143639,0.5464574598449675,0.7899363101143639,0.4535425401550325,0.588100048138765
VAB_RBSP_like,10.0,58,187.68888888888887,0.7899363101143638,0.5413430886234666,0.7899363101143638,0.4586569113765334,0.5911686708716656
VAB_RBSP_like,10.0,59,187.68888888888887,0.7899363101143639,0.5363046609285992,0.7899363101143639,0.4636953390714008,0.5941917274885861
VAB_RBSP_like,10.0,60,187.68888888888887,0.7899363101143638,0.5313410490715473,0.7899363101143638,0.46865895092845267,0.5971698946028172
VAB_RBSP_like,10.0,61,187.68888888888887,0.7899363101143639,0.5264511421085946,0.7899363101143639,0.47354885789140544,0.6001038387805888
VAB_RBSP_like,10.0,62,187.68888888888887,0.7899363101143638,0.5216338455924774,0.7899363101143638,0.4783661544075226,0.6029942166902591
VAB_RBSP_like,10.0,63,187.68888888888887,0.7899363101143639,0.5168880813274287,0.7899363101143639,0.4831119186725713,0.6058416752492883
VAB_RBSP_like,10.0,64,187.68888888888887,0.7899363101143638,0.5122127871278582,0.7899363101143638,0.4877872128721418,0.6086468517690307
VAB_RBSP_like,10.0,65,187.68888888888887,0.7899363101143639,0.5076069165806171,0.7899363101143639,0.4923930834193829,0.6114103740973753
VAB_RBSP_like,10.0,66,187.68888888888887,0.7899363101143638,0.5030694388107919,0.7899363101143638,0.4969305611892081,0.6141328607592704
VAB_RBSP_like,10.0,67,187.68888888888887,0.7899363101143639,0.498599338250977,0.7899363101143639,0.501400661749023,0.6168149210951595
VAB_RBSP_like,10.0,68,187.68888888888887,0.7899363101143638,0.4941956144139725,0.7899363101143638,0.5058043855860275,0.619457155397362
VAB_RBSP_like,10.0,69,187.68888888888887,0.7899363101143639,0.48985728166885745,0.7899363101143639,0.5101427183311426,0.6220601550444311
VAB_RBSP_like,10.0,70,187.68888888888887,0.7899363101143638,0.4855833690203886,0.7899363101143638,0.5144166309796114,0.6246245026335124
VAB_RBSP_like,10.0,71,187.68888888888887,0.7899363101143639,0.48137291989167447,0.7899363101143639,0.5186270801083255,0.6271507721107409
VAB_RBSP_like,10.0,72,187.68888888888887,0.7899363101143638,0.47722499191007633,0.7899363101143638,0.5227750080899236,0.6296395288996997
VAB_RBSP_like,10.0,73,187.68888888888887,0.7899363101143639,0.4731386566962891,0.7899363101143639,0.5268613433037109,0.6320913300279721
VAB_RBSP_like,10.0,74,187.68888888888887,0.7899363101143638,0.46911299965655323,0.7899363101143638,0.5308870003434467,0.6345067242518136
VAB_RBSP_like,10.0,75,187.68888888888887,0.7899363101143639,0.46514711977795287,0.7899363101143639,0.5348528802220471,0.6368862521789739
VAB_RBSP_like,10.0,76,187.68888888888887,0.7899363101143638,0.4612401294267532,0.7899363101143638,0.5387598705732468,0.6392304463896936
VAB_RBSP_like,10.0,77,187.68888888888887,0.7899363101143639,0.4573911541497323,0.7899363101143639,0.5426088458502677,0.6415398315559062
VAB_RBSP_like,10.0,78,187.68888888888887,0.7899363101143638,0.45359933247846324,0.7899363101143638,0.5464006675215367,0.6438149245586675
VAB_RBSP_like,10.0,79,187.68888888888887,0.7899363101143639,0.4498638157365022,0.7899363101143639,0.5501361842634978,0.6460562346038443
VAB_RBSP_like,10.0,80,187.68888888888887,0.7899363101143638,0.44618376784943975,0.7899363101143638,0.5538162321505602,0.6482642633360817
VAB_RBSP_like,10.0,81,187.68888888888887,0.7899363101143639,0.44255836515777275,0.7899363101143639,0.5574416348422273,0.650439504951082
VAB_RBSP_like,10.0,82,187.68888888888887,0.7899363101143638,0.43898679623255477,0.7899363101143638,0.5610132037674452,0.6525824463062126
VAB_RBSP_like,10.0,83,187.68888888888887,0.7899363101143639,0.43546826169378405,0.7899363101143639,0.564531738306216,0.6546935670294751
VAB_RBSP_like,10.0,84,187.68888888888887,0.7899363101143638,0.43200197403148816,0.7899363101143638,0.5679980259685118,0.6567733396268527
VAB_RBSP_like,10.0,85,187.68888888888887,0.7899363101143639,0.42858715742946535,0.7899363101143639,0.5714128425705347,0.6588222295880664
VAB_RBSP_like,10.0,86,187.68888888888887,0.7899363101143638,0.4252230475916434,0.7899363101143638,0.5747769524083566,0.6608406954907595
VAB_RBSP_like,10.0,87,187.68888888888887,0.7899363101143639,0.4219088915710166,0.7899363101143639,0.5780911084289835,0.6628291891031357
VAB_RBSP_like,10.0,88,187.68888888888887,0.7899363101143638,0.4186439476011228,0.7899363101143638,0.5813560523988772,0.6647881554850719
VAB_RBSP_like,10.0,89,187.68888888888887,0.7899363101143639,0.4154274849300233,0.7899363101143639,0.5845725150699768,0.6667180330877316
VAB_RBSP_like,10.0,90,187.68888888888887,0.7899363101143638,0.4122587836567475,0.7899363101143638,0.5877412163432525,0.6686192538516971
VAB_RBSP_like,10.0,91,187.68888888888887,0.7899363101143639,0.40913713457016654,0.7899363101143639,0.5908628654298335,0.6704922433036457
VAB_RBSP_like,10.0,92,187.68888888888887,0.7899363101143638,0.4060618389902592,0.7899363101143638,0.5939381610097407,0.67233742065159
VAB_RBSP_like,10.0,93,187.68888888888887,0.7899363101143639,0.40303220861173517,0.7899363101143639,0.5969677913882648,0.6741551988787045
VAB_RBSP_like,10.0,94,187.68888888888887,0.7899363101143638,0.40004756534998,0.7899363101143638,0.59995243465002,0.6759459848357576
VAB_RBSP_like,10.0,95,187.68888888888887,0.7899363101143639,0.3971072411892881,0.7899363101143639,0.6028927588107119,0.6777101793321727
VAB_RBSP_like,10.0,96,187.68888888888887,0.7899363101143638,0.3942105780333488,0.7899363101143638,0.6057894219666512,0.6794481772257362
VAB_RBSP_like,10.0,97,187.68888888888887,0.7899363101143639,0.39135692755795304,0.7899363101143639,0.608643072442047,0.6811603675109738
VAB_RBSP_like,10.0,98,187.68888888888887,0.7899363101143638,0.38854565106588684,0.7899363101143638,0.6114543489341131,0.6828471334062134
VAB_RBSP_like,10.0,99,187.68888888888887,0.7899363101143639,0.38577611934397965,0.7899363101143639,0.6142238806560203,0.6845088524393578
VAB_RBSP_like,10.0,100,187.68888888888887,0.7899363101143638,0.3830477125222754,0.7899363101143638,0.6169522874777247,0.6861458965323803
VAB_RBSP_like,10.0,101,187.68888888888887,0.7899363101143639,0.38035981993529466,0.7899363101143639,0.6196401800647053,0.6877586320845688
VAB_RBSP_like,10.0,102,187.68888888888887,0.7899363101143638,0.377711839985357,0.7899363101143638,0.622288160014643,0.6893474200545313
VAB_RBSP_like,10.0,103,187.68888888888887,0.7899363101143639,0.37510318000793286,0.7899363101143639,0.6248968199920671,0.6909126160409859
VAB_RBSP_like,10.0,104,187.68888888888887,0.7899363101143638,0.3725332561389946,0.7899363101143638,0.6274667438610054,0.6924545703623488
VAB_RBSP_like,10.0,105,187.68888888888887,0.7899363101143639,0.37000149318433767,0.7899363101143639,0.6299985068156624,0.693973628135143
VAB_RBSP_like,10.0,106,187.68888888888887,0.7899363101143638,0.36750732449084206,0.7899363101143638,0.632492675509158,0.6954701293512404
VAB_RBSP_like,10.0,107,187.68888888888887,0.7899363101143639,0.36505019181964504,0.7899363101143639,0.634949808180355,0.6969444089539586
VAB_RBSP_like,10.0,108,187.68888888888887,0.7899363101143638,0.36262954522119784,0.7899363101143638,0.6373704547788022,0.6983967969130269
VAB_RBSP_like,10.0,109,187.68888888888887,0.7899363101143639,0.360244842912177,0.7899363101143639,0.639755157087823,0.6998276182984394
VAB_RBSP_like,10.0,110,187.68888888888887,0.7899363101143638,0.3578955511542239,0.7899363101143638,0.6421044488457761,0.7012371933532112
VAB_RBSP_like,10.0,111,187.68888888888887,0.7899363101143639,0.3555811441344845,0.7899363101143639,0.6444188558655155,0.7026258375650549
VAB_RBSP_like,10.0,112,187.68888888888887,0.7899363101143638,0.35330110384792346,0.7899363101143638,0.6466988961520765,0.7039938617369914
VAB_RBSP_like,10.0,113,187.68888888888887,0.7899363101143639,0.35105491998138527,0.7899363101143639,0.6489450800186147,0.7053415720569145
VAB_RBSP_like,10.0,114,187.68888888888887,0.7899363101143638,0.3488420897993773,0.7899363101143638,0.6511579102006226,0.7066692701661191
VAB_RBSP_like,10.0,115,187.68888888888887,0.7899363101143639,0.3466621180315486,0.7899363101143639,0.6533378819684514,0.7079772532268165
VAB_RBSP_like,10.0,116,187.68888888888887,0.7899363101143638,0.3445145167618399,0.7899363101143638,0.65548548323816,0.7092658139886416
VAB_RBSP_like,10.0,117,187.68888888888887,0.7899363101143639,0.3423988053192792,0.7899363101143639,0.6576011946807208,0.7105352408541781
VAB_RBSP_like,10.0,118,187.68888888888887,0.7899363101143638,0.34031451017039915,0.7899363101143638,0.6596854898296008,0.711785817943506
VAB_RBSP_like,10.0,119,187.68888888888887,0.7899363101143639,0.33826116481325225,0.7899363101143639,0.6617388351867477,0.7130178251577942
VAB_RBSP_like,10.0,120,187.68888888888887,0.7899363101143638,0.336238309672999,0.7899363101143638,0.6637616903270009,0.7142315382419462
VAB_RBSP_like,10.0,121,187.68888888888887,0.7899363101143639,0.3342454919990473,0.7899363101143639,0.6657545080009527,0.7154272288463173
VAB_RBSP_like,10.0,122,187.68888888888887,0.7899363101143638,0.33228226576371883,0.7899363101143638,0.6677177342362812,0.7166051645875142
VAB_RBSP_like,10.0,123,187.68888888888887,0.7899363101143639,0.3303481915624202,0.7899363101143639,0.6696518084375798,0.7177656091082935
VAB_RBSP_like,10.0,124,187.68888888888887,0.7899363101143638,0.3284428365152964,0.7899363101143638,0.6715571634847036,0.7189088221365677
VAB_RBSP_like,10.0,125,187.68888888888887,0.7899363101143639,0.32656577417034466,0.7899363101143639,0.6734342258296553,0.7200350595435387
VAB_RBSP_like,10.0,126,187.68888888888887,0.7899363101143638,0.3247165844079672,0.7899363101143638,0.6752834155920329,0.7211445734009653
VAB_RBSP_like,10.0,127,187.68888888888887,0.7899363101143639,0.32289485334694074,0.7899363101143639,0.6771051466530593,0.7222376120375812
VAB_RBSP_like,10.0,128,187.68888888888887,0.7899363101143638,0.3211001732517829,0.7899363101143638,0.6788998267482171,0.7233144200946758
VAB_RBSP_like,10.0,129,187.68888888888887,0.7899363101143639,0.3193321424414936,0.7899363101143639,0.6806678575585063,0.7243752385808494
VAB_RBSP_like,10.0,130,187.68888888888887,0.7899363101143638,0.3175903651996519,0.7899363101143638,0.6824096348003481,0.7254203049259544
VAB_RBSP_like,10.0,131,187.68888888888887,0.7899363101143639,0.31587445168584766,0.7899363101143639,0.6841255483141524,0.726449853034237
VAB_RBSP_like,10.0,132,187.68888888888887,0.7899363101143638,0.31418401784842837,0.7899363101143638,0.6858159821515717,0.7274641133366886
VAB_RBSP_like,10.0,133,187.68888888888887,0.7899363101143639,0.3125186853385417,0.7899363101143639,0.6874813146614582,0.7284633128426206
VAB_RBSP_like,10.0,134,187.68888888888887,0.7899363101143638,0.3108780814254543,0.7899363101143638,0.6891219185745456,0.7294476751904729
VAB_RBSP_like,10.0,135,187.68888888888887,0.7899363101143639,0.3092618389131281,0.7899363101143639,0.6907381610868719,0.7304174206978687
VAB_RBSP_like,10.0,136,187.68888888888887,0.7899363101143638,0.3076695960580354,0.7899363101143638,0.6923304039419647,0.7313727664109244
VAB_RBSP_like,10.0,137,187.68888888888887,0.7899363101143639,0.3061009964881944,0.7899363101143639,0.6938990035118056,0.7323139261528289
VAB_RBSP_like,10.0,138,187.68888888888887,0.7899363101143638,0.3045556891234066,0.7899363101143638,0.6954443108765934,0.7332411105717016
VAB_RBSP_like,10.0,139,187.68888888888887,0.7899363101143639,0.30303332809667916,0.7899363101143639,0.6969666719033208,0.7341545271877381
VAB_RBSP_like,10.0,140,187.68888888888887,0.7899363101143638,0.30153357267681363,0.7899363101143638,0.6984664273231864,0.7350543804396574
VAB_RBSP_like,10.0,141,187.68888888888887,0.7899363101143639,0.3000560871921443,0.7899363101143639,0.6999439128078557,0.735940871730459
VAB_RBSP_like,10.0,142,187.68888888888887,0.7899363101143638,0.29860054095540917,0.7899363101143638,0.7013994590445909,0.7368141994725002
VAB_RBSP_like,10.0,143,187.68888888888887,0.7899363101143639,0.2971666081897359,0.7899363101143639,0.702833391810264,0.737674559131904
VAB_RBSP_like,10.0,144,187.68888888888887,0.7899363101143638,0.29575396795572767,0.7899363101143638,0.7042460320442723,0.7385221432723089
VAB_RBSP_like,10.0,145,187.68888888888887,0.7899363101143639,0.29436230407963104,0.7899363101143639,0.705637695920369,0.739357141597967
VAB_RBSP_like,10.0,146,187.68888888888887,0.7899363101143638,0.29299130508257076,0.7899363101143638,0.7070086949174292,0.7401797409962031
VAB_RBSP_like,10.0,147,187.68888888888887,0.7899363101143639,0.2916406641108353,0.7899363101143639,0.7083593358891647,0.7409901255792444
VAB_RBSP_like,10.0,148,187.68888888888887,0.7899363101143638,0.29031007886719756,0.7899363101143638,0.7096899211328025,0.741788476725427
VAB_RBSP_like,10.0,149,187.68888888888887,0.7899363101143639,0.2889992515432555,0.7899363101143639,0.7110007484567444,0.7425749731197923
VAB_RBSP_like,10.0,150,187.68888888888887,0.7899363101143638,0.28770788875277736,0.7899363101143638,0.7122921112472227,0.7433497907940791
VAB_RBSP_like,10.0,151,187.68888888888887,0.7899363101143639,0.2864357014660366,0.7899363101143639,0.7135642985339634,0.7441131031661237
VAB_RBSP_like,10.0,152,187.68888888888887,0.7899363101143638,0.285182404945122,0.7899363101143638,0.7148175950548781,0.7448650810786723
VAB_RBSP_like,10.0,153,187.68888888888887,0.7899363101143639,0.28394771868020824,0.7899363101143639,0.7160522813197918,0.7456058928376207
VAB_RBSP_like,10.0,154,187.68888888888887,0.7899363101143638,0.2827313663267731,0.7899363101143638,0.7172686336732269,0.7463357042496817
VAB_RBSP_like,10.0,155,187.68888888888887,0.7899363101143639,0.2815330756437463,0.7899363101143639,0.7184669243562537,0.7470546786594978
VAB_RBSP_like,10.0,156,187.68888888888887,0.7899363101143638,0.28035257843257755,0.7899363101143638,0.7196474215674225,0.7477629769861991
VAB_RBSP_like,10.0,157,187.68888888888887,0.7899363101143639,0.27918961047720864,0.7899363101143639,0.7208103895227913,0.7484607577594204
VAB_RBSP_like,10.0,158,187.68888888888887,0.7899363101143638,0.2780439114849375,0.7899363101143638,0.7219560885150624,0.749148177154783
VAB_RBSP_like,10.0,159,187.68888888888887,0.7899363101143639,0.2769152250281601,0.7899363101143639,0.7230847749718399,0.7498253890288495
VAB_RBSP_like,10.0,160,187.68888888888887,0.7899363101143638,0.2758032984869771,0.7899363101143638,0.7241967015130228,0.7504925449535593
VAB_RBSP_like,10.0,161,187.68888888888887,0.7899363101143639,0.2747078829926536,0.7899363101143639,0.7252921170073464,0.7511497942501535
VAB_RBSP_like,10.0,162,187.68888888888887,0.7899363101143638,0.27362873337191745,0.7899363101143638,0.7263712666280826,0.751797284022595
VAB_RBSP_like,10.0,163,187.68888888888887,0.7899363101143639,0.2725656080920855,0.7899363101143639,0.7274343919079145,0.7524351591904943
VAB_RBSP_like,10.0,164,187.68888888888887,0.7899363101143638,0.27151826920700417,0.7899363101143638,0.7284817307929958,0.753063562521543
VAB_RBSP_like,10.0,165,187.68888888888887,0.7899363101143639,0.27048648230379285,0.7899363101143639,0.7295135176962071,0.7536826346634699
VAB_RBSP_like,10.0,166,187.68888888888887,0.7899363101143638,0.2694700164503784,0.7899363101143638,0.7305299835496216,0.7542925141755186
VAB_RBSP_like,10.0,167,187.68888888888887,0.7899363101143639,0.2684686441438082,0.7899363101143639,0.7315313558561918,0.7548933375594606
VAB_RBSP_like,10.0,168,187.68888888888887,0.7899363101143638,0.2674821412593313,0.7899363101143638,0.7325178587406687,0.7554852392901468
VAB_RBSP_like,10.0,169,187.68888888888887,0.7899363101143639,0.266510287000235,0.7899363101143639,0.7334897129997651,0.7560683518456046
VAB_RBSP_like,10.0,170,187.68888888888887,0.7899363101143638,0.265552863848427,0.7899363101143638,0.734447136151573,0.7566428057366894
VAB_RBSP_like,10.0,171,187.68888888888887,0.7899363101143639,0.26460965751575083,0.7899363101143639,0.7353903424842492,0.757208729536295
VAB_RBSP_like,10.0,172,187.68888888888887,0.7899363101143638,0.2636804568960243,0.7899363101143638,0.7363195431039757,0.757766249908131
VAB_RBSP_like,10.0,173,187.68888888888887,0.7899363101143639,0.26276505401779054,0.7899363101143639,0.7372349459822094,0.7583154916350712
VAB_RBSP_like,10.0,174,187.68888888888887,0.7899363101143638,0.26186324399776995,0.7899363101143638,0.73813675600223,0.7588565776470836
VAB_RBSP_like,10.0,175,187.68888888888887,0.7899363101143639,0.260974824995004,0.7899363101143639,0.739025175004996,0.7593896290487432
VAB_RBSP_like,10.0,176,187.68888888888887,0.7899363101143638,0.26009959816567957,0.7899363101143638,0.7399004018343205,0.7599147651463378
VAB_RBSP_like,10.0,177,187.68888888888887,0.7899363101143639,0.25923736761862415,0.7899363101143639,0.7407626323813759,0.7604321034745711
VAB_RBSP_like,10.0,178,187.68888888888887,0.7899363101143638,0.258387940371462,0.7899363101143638,0.741612059628538,0.7609417598228684
VAB_RBSP_like,10.0,179,187.68888888888887,0.7899363101143639,0.2575511263074214,0.7899363101143639,0.7424488736925786,0.7614438482612927
VAB_RBSP_like,10.0,180,187.68888888888887,0.7899363101143638,0.25672673813278285,0.7899363101143638,0.7432732618672171,0.7619384811660759
VAB_RBSP_like,20.0,0,102.18333333333334,0.0,1.0,0.0,0.0,0.0
VAB_RBSP_like,20.0,1,102.18333333333334,0.7840589877436484,1.0,0.7840589877436484,0.0,0.31362359509745935
VAB_RBSP_like,20.0,2,102.18333333333334,0.7573547322897901,0.9882391151838453,0.7573547322897901,0.01176088481615467,0.3099984238056089
VAB_RBSP_like,20.0,3,102.18333333333334,0.7582642521989963,0.9770476842805184,0.7582642521989963,0.022952315719481642,0.3170770903112875
VAB_RBSP_like,20.0,4,102.18333333333334,0.7582332748715561,0.9660036362524209,0.7582332748715561,0.033996363747579084,0.32369112819716994
VAB_RBSP_like,20.0,5,102.18333333333334,0.7582343299279717,0.9551187838338611,0.7582343299279717,0.04488121616613894,0.33022246167087205
VAB_RBSP_like,20.0,6,102.18333333333334,0.7582342939938181,0.9443903697164312,0.7582342939938181,0.0556096302835688,0.33665949576766857
VAB_RBSP_like,20.0,7,102.18333333333334,0.758234295217699,0.9338161611287344,0.758234295217699,0.06618383887126555,0.34300402140983893
VAB_RBSP_like,20.0,8,102.18333333333334,0.7582342951760149,0.9233939410634031,0.7582342951760149,0.07660605893659689,0.34925735343236414
VAB_RBSP_like,20.0,9,102.18333333333334,0.7582342951774346,0.9131215249291327,0.7582342951774346,0.08687847507086732,0.3554208031134942
VAB_RBSP_like,20.0,10,102.18333333333334,0.7582342951773863,0.9029967595163555,0.7582342951773863,0.0970032404836445,0.3614956623611412
VAB_RBSP_like,20.0,11,102.18333333333334,0.7582342951773879,0.8930175225653162,0.7582342951773879,0.10698247743468381,0.3674832045317655
VAB_RBSP_like,20.0,12,102.18333333333334,0.7582342951773878,0.8831817223205697,0.7582342951773878,0.11681827767943032,0.37338468467861335
VAB_RBSP_like,20.0,13,102.18333333333334,0.7582342951773878,0.8734872970925487,0.7582342951773878,0.1265127029074513,0.379201339815426
VAB_RBSP_like,20.0,14,102.18333333333334,0.7582342951773878,0.8639322148254105,0.7582342951773878,0.1360677851745895,0.3849343891757089
VAB_RBSP_like,20.0,15,102.18333333333334,0.7582342951773878,0.8545144726710965,0.7582342951773878,0.14548552732890352,0.3905850344682973
VAB_RBSP_like,20.0,16,102.18333333333334,0.7582342951773878,0.8452320965695135,0.7582342951773878,0.15476790343048652,0.3961544601292471
VAB_RBSP_like,20.0,17,102.18333333333334,0.7582342951773878,0.8360831408347495,0.7582342951773878,0.16391685916525045,0.40164383357010547
VAB_RBSP_like,20.0,18,102.18333333333334,0.7582342951773878,0.8270656877472373,0.7582342951773878,0.17293431225276268,0.4070543054226128
VAB_RBSP_like,20.0,19,102.18333333333334,0.7582342951773878,0.8181778471517792,0.7582342951773878,0.18182215284822079,0.4123870097798876
VAB_RBSP_like,20.0,20,102.18333333333334,0.7582342951773878,0.8094177560613507,0.7582342951773878,0.1905822439386493,0.4176430644341448
VAB_RBSP_like,20.0,21,102.18333333333334,0.7582342951773878,0.8007835782665981,0.7582342951773878,0.19921642173340193,0.42282357111099633
VAB_RBSP_like,20.0,22,102.18333333333334,0.7582342951773878,0.7922735039509493,0.7582342951773878,0.2077264960490507,0.42792961570038557
VAB_RBSP_like,20.0,23,102.18333333333334,0.7582342951773878,0.783885749311257,0.7582342951773878,0.21611425068874301,0.43296226848420094
VAB_RBSP_like,20.0,24,102.18333333333334,0.7582342951773878,0.775618556183894,0.7582342951773878,0.22438144381610603,0.4379225843606188
VAB_RBSP_like,20.0,25,102.18333333333334,0.7582342951773878,0.7674701916762233,0.7582342951773878,0.23252980832377668,0.44281160306522116
VAB_RBSP_like,20.0,26,102.18333333333334,0.7582342951773878,0.7594389478033655,0.7582342951773878,0.24056105219663448,0.44763034938893587
VAB_RBSP_like,20.0,27,102.18333333333334,0.7582342951773878,0.7515231411301863,0.7582342951773878,0.24847685886981374,0.4523798333928434
VAB_RBSP_like,20.0,28,102.18333333333334,0.7582342951773878,0.7437211124184305,0.7582342951773878,0.25627888758156947,0.4570610506198969
VAB_RBSP_like,20.0,29,102.18333333333334,0.7582342951773878,0.7360312262789283,0.7582342951773878,0.26396877372107175,0.4616749823035982
VAB_RBSP_like,20.0,30,102.18333333333334,0.7582342951773878,0.7284518708287991,0.7582342951773878,0.27154812917120086,0.4662225955736757
VAB_RBSP_like,20.0,31,102.18333333333334,0.7582342951773878,0.7209814573535849,0.7582342951773878,0.2790185426464151,0.4707048436588043
VAB_RBSP_like,20.0,32,102.18333333333334,0.7582342951773878,0.7136184199742373,0.7582342951773878,0.28638158002576275,0.47512266608641285
VAB_RBSP_like,20.0,33,102.18333333333334,0.7582342951773878,0.7063612153188931,0.7582342951773878,0.29363878468110693,0.4794769888796193
VAB_RBSP_like,20.0,34,102.18333333333334,0.7582342951773878,0.6992083221993669,0.7582342951773878,0.3007916778006331,0.48376872475133503
VAB_RBSP_like,20.0,35,102.18333333333334,0.7582342951773878,0.6921582412922938,0.7582342951773878,0.30784175870770625,0.48799877329557895
VAB_RBSP_like,20.0,36,102.18333333333334,0.7582342951773878,0.6852094948248546,0.7582342951773878,0.3147905051751454,0.4921680211760424
VAB_RBSP_like,20.0,37,102.18333333333334,0.7582342951773878,0.6783606262650194,0.7582342951773878,0.32163937373498064,0.49627734231194354
VAB_RBSP_like,20.0,38,102.18333333333334,0.7582342951773878,0.671610200016242,0.7582342951773878,0.32838979998375795,0.50032759806121
VAB_RBSP_like,20.0,39,102.18333333333334,0.7582342951773878,0.6649568011165444,0.7582342951773878,0.3350431988834556,0.5043196374010285
VAB_RBSP_like,20.0,40,102.18333333333334,0.7582342951773878,0.6583990349419246,0.7582342951773878,0.34160096505807536,0.5082542971058004
VAB_RBSP_like,20.0,41,102.18333333333334,0.7582342951773878,0.6519355269140289,0.7582342951773878,0.3480644730859711,0.5121324019225378
VAB_RBSP_like,20.0,42,102.18333333333334,0.7582342951773878,0.6455649222120254,0.7582342951773878,0.35443507778797456,0.5159547647437399
VAB_RBSP_like,20.0,43,102.18333333333334,0.7582342951773878,0.6392858854886192,0.7582342951773878,0.3607141145113808,0.5197221867777837
VAB_RBSP_like,20.0,44,102.18333333333334,0.7582342951773878,0.6330971005901486,0.7582342951773878,0.36690289940985144,0.5234354577168661
VAB_RBSP_like,20.0,45,102.18333333333334,0.7582342951773878,0.6269972702807058,0.7582342951773878,0.37300272971929416,0.5270953559025316
VAB_RBSP_like,20.0,46,102.18333333333334,0.7582342951773878,0.6209851159702222,0.7582342951773878,0.3790148840297778,0.5307026484888219
VAB_RBSP_like,20.0,47,102.18333333333334,0.7582342951773878,0.6150593774464616,0.7582342951773878,0.38494062255353845,0.5342580916030782
VAB_RBSP_like,20.0,48,102.18333333333334,0.7582342951773878,0.6092188126108667,0.7582342951773878,0.39078118738913326,0.5377624305044351
VAB_RBSP_like,20.0,49,102.18333333333334,0.7582342951773878,0.603462197218202,0.7582342951773878,0.39653780278179795,0.5412163997400339
VAB_RBSP_like,20.0,50,102.18333333333334,0.7582342951773878,0.5977883246199384,0.7582342951773878,0.40221167538006164,0.5446207232989921
VAB_RBSP_like,20.0,51,102.18333333333334,0.7582342951773878,0.5921960055113265,0.7582342951773878,0.40780399448867355,0.5479761147641593
VAB_RBSP_like,20.0,52,102.18333333333334,0.7582342951773878,0.5866840676821063,0.7582342951773878,0.41331593231789365,0.5512832774616914
VAB_RBSP_like,20.0,53,102.18333333333334,0.7582342951773878,0.5812513557707989,0.7582342951773878,0.4187486442292011,0.5545429046084758
VAB_RBSP_like,20.0,54,102.18333333333334,0.7582342951773878,0.5758967310225299,0.7582342951773878,0.4241032689774701,0.5577556794574372
VAB_RBSP_like,20.0,55,102.18333333333334,0.7582342951773878,0.5706190710503349,0.7582342951773878,0.42938092894966506,0.5609222754407541
VAB_RBSP_like,20.0,56,102.18333333333334,0.7582342951773878,0.5654172695998946,0.7582342951773878,0.4345827304001054,0.5640433563110184
VAB_RBSP_like,20.0,57,102.18333333333334,0.7582342951773878,0.560290236317652,0.7582342951773878,0.43970976368234804,0.567119576280364
VAB_RBSP_like,20.0,58,102.18333333333334,0.7582342951773878,0.5552368965222627,0.7582342951773878,0.4447631034777373,0.5701515801575976
VAB_RBSP_like,20.0,59,102.18333333333334,0.7582342951773878,0.5502561909793303,0.7582342951773878,0.4497438090206697,0.5731400034833569
VAB_RBSP_like,20.0,60,102.18333333333334,0.7582342951773878,0.5453470756793792,0.7582342951773878,0.45465292432062077,0.5760854726633275
VAB_RBSP_like,20.0,61,102.18333333333334,0.7582342951773878,0.5405085216190191,0.7582342951773878,0.4594914783809809,0.5789886050995436
VAB_RBSP_like,20.0,62,102.18333333333334,0.7582342951773878,0.5357395145852545,0.7582342951773878,0.4642604854147455,0.5818500093198025
VAB_RBSP_like,20.0,63,102.18333333333334,0.7582342951773878,0.5310390549428953,0.7582342951773878,0.46896094505710473,0.584670285105218
VAB_RBSP_like,20.0,64,102.18333333333334,0.7582342951773878,0.5264061574250222,0.7582342951773878,0.47359384257497783,0.5874500236159419
VAB_RBSP_like,20.0,65,102.18333333333334,0.7582342951773878,0.5218398509264641,0.7582342951773878,0.4781601490735359,0.5901898075150767
VAB_RBSP_like,20.0,66,102.18333333333334,0.7582342951773878,0.5173391783002442,0.7582342951773878,0.48266082169975577,0.5928902110908086
VAB_RBSP_like,20.0,67,102.18333333333334,0.7582342951773878,0.5129031961569515,0.7582342951773878,0.48709680384304854,0.5955518003767843
VAB_RBSP_like,20.0,68,102.18333333333334,0.7582342951773878,0.5085309746669961,0.7582342951773878,0.49146902533300385,0.5981751332707574
VAB_RBSP_like,20.0,69,102.18333333333334,0.7582342951773878,0.5042215973657077,0.7582342951773878,0.4957784026342923,0.6007607596515305
VAB_RBSP_like,20.0,70,102.18333333333334,0.7582342951773878,0.49997416096123354,0.7582342951773878,0.5000258390387664,0.6033092214942151
VAB_RBSP_like,20.0,71,102.18333333333334,0.7582342951773878,0.4957877751451996,0.7582342951773878,0.5042122248548004,0.6058210529838355
VAB_RBSP_like,20.0,72,102.18333333333334,0.7582342951773878,0.4916615624060922,0.7582342951773878,0.5083384375939077,0.6082967806272999
VAB_RBSP_like,20.0,73,102.18333333333334,0.7582342951773878,0.48759465784532197,0.7582342951773878,0.512405342154678,0.6107369233637621
VAB_RBSP_like,20.0,74,102.18333333333334,0.7582342951773878,0.4835862089959319,0.7582342951773878,0.516413791004068,0.613141992673396
VAB_RBSP_like,20.0,75,102.18333333333334,0.7582342951773878,0.47963537564391107,0.7582342951773878,0.5203646243560889,0.6155124926846085
VAB_RBSP_like,20.0,76,102.18333333333334,0.7582342951773878,0.47574132965207677,0.7582342951773878,0.5242586703479233,0.6178489202797091
VAB_RBSP_like,20.0,77,102.18333333333334,0.7582342951773878,0.4719032547864881,0.7582342951773878,0.5280967452135119,0.6201517651990622
VAB_RBSP_like,20.0,78,102.18333333333334,0.7582342951773878,0.4681203465453544,0.7582342951773878,0.5318796534546456,0.6224215101437425
VAB_RBSP_like,20.0,79,102.18333333333334,0.7582342951773878,0.46439181199040314,0.7582342951773878,0.5356081880095969,0.6246586308767133
VAB_RBSP_like,20.0,80,102.18333333333334,0.7582342951773878,0.46071686958067154,0.7582342951773878,0.5392831304193284,0.6268635963225522
VAB_RBSP_like,20.0,81,102.18333333333334,0.7582342951773878,0.457094749008687,0.7582342951773878,0.542905250991313,0.629036868665743
VAB_RBSP_like,20.0,82,102.18333333333334,0.7582342951773878,0.45352469103900267,0.7582342951773878,0.5464753089609973,0.6311789034475535
VAB_RBSP_like,20.0,83,102.18333333333334,0.7582342951773878,0.45000594734905314,0.7582342951773878,0.5499940526509468,0.6332901496615233
VAB_RBSP_like,20.0,84,102.18333333333334,0.7582342951773878,0.44653778037229835,0.7582342951773878,0.5534622196277017,0.6353710498475762
VAB_RBSP_like,20.0,85,102.18333333333334,0.7582342951773878,0.4431194631436215,0.7582342951773878,0.5568805368563785,0.6374220401847823
VAB_RBSP_like,20.0,86,102.18333333333334,0.7582342951773878,0.4397502791469493,0.7582342951773878,0.5602497208530507,0.6394435505827856
VAB_RBSP_like,20.0,87,102.18333333333334,0.7582342951773878,0.43642952216506276,0.7582342951773878,0.5635704778349373,0.6414360047719175
VAB_RBSP_like,20.0,88,102.18333333333334,0.7582342951773878,0.4331564961315661,0.7582342951773878,0.5668435038684339,0.6433998203920155
VAB_RBSP_like,20.0,89,102.18333333333334,0.7582342951773878,0.429930514984984,0.7582342951773878,0.570069485015016,0.6453354090799648
VAB_RBSP_like,20.0,90,102.18333333333334,0.7582342951773878,0.42675090252495573,0.7582342951773878,0.5732490974750443,0.6472431765559817
VAB_RBSP_like,20.0,91,102.18333333333334,0.7582342951773878,0.423616992270496,0.7582342951773878,0.576383007729504,0.6491235227086576
VAB_RBSP_like,20.0,92,102.18333333333334,0.7582342951773878,0.4205281273202937,0.7582342951773878,0.5794718726797063,0.6509768416787789
VAB_RBSP_like,20.0,93,102.18333333333334,0.7582342951773878,0.41748366021501826,0.7582342951773878,0.5825163397849817,0.6528035219419441
VAB_RBSP_like,20.0,94,102.18333333333334,0.7582342951773878,0.4144829528016051,0.7582342951773878,0.5855170471983949,0.6546039463899922
VAB_RBSP_like,20.0,95,102.18333333333334,0.7582342951773878,0.41152537609949175,0.7582342951773878,0.5884746239005083,0.6563784924112601
VAB_RBSP_like,20.0,96,102.18333333333334,0.7582342951773878,0.40861031016877714,0.7582342951773878,0.5913896898312229,0.6581275319696889
VAB_RBSP_like,20.0,97,102.18333333333334,0.7582342951773878,0.40573714398027527,0.7582342951773878,0.5942628560197247,0.6598514316827899
VAB_RBSP_like,20.0,98,102.18333333333334,0.7582342951773878,0.4029052752874369,0.7582342951773878,0.5970947247125631,0.6615505528984931
VAB_RBSP_like,20.0,99,102.18333333333334,0.7582342951773878,0.4001141105001123,0.7582342951773878,0.5998858894998877,0.6632252517708879
VAB_RBSP_like,20.0,100,102.18333333333334,0.7582342951773878,0.39736306456012827,0.7582342951773878,0.6026369354398717,0.6648758793348781
VAB_RBSP_like,20.0,101,102.18333333333334,0.7582342951773878,0.39465156081865377,0.7582342951773878,0.6053484391813462,0.6665027815797628
VAB_RBSP_like,20.0,102,102.18333333333334,0.7582342951773878,0.391979030915328,0.7582342951773878,0.6080209690846721,0.6681062995217584
VAB_RBSP_like,20.0,103,102.18333333333334,0.7582342951773878,0.389344914659126,0.7582342951773878,0.610655085340874,0.6696867692754795
VAB_RBSP_like,20.0,104,102.18333333333334,0.7582342951773878,0.3867486599109367,0.7582342951773878,0.6132513400890633,0.6712445221243932
VAB_RBSP_like,20.0,105,102.18333333333334,0.7582342951773878,0.3841897224678284,0.7582342951773878,0.6158102775321717,0.6727798845902582
VAB_RBSP_like,20.0,106,102.18333333333334,0.7582342951773878,0.38166756594897805,0.7582342951773878,0.6183324340510219,0.6742931785015682
VAB_RBSP_like,20.0,107,102.18333333333334,0.7582342951773878,0.37918166168324025,0.7582342951773878,0.6208183383167598,0.6757847210610111
VAB_RBSP_like,20.0,108,102.18333333333334,0.7582342951773878,0.3767314885983318,0.7582342951773878,0.6232685114016683,0.6772548249119561
VAB_RBSP_like,20.0,109,102.18333333333334,0.7582342951773878,0.3743165331116095,0.7582342951773878,0.6256834668883905,0.6787037982039894
VAB_RBSP_like,20.0,110,102.18333333333334,0.7582342951773878,0.3719362890224178,0.7582342951773878,0.6280637109775822,0.6801319446575045
VAB_RBSP_like,20.0,111,102.18333333333334,0.7582342951773878,0.3695902574059835,0.7582342951773878,0.6304097425940165,0.6815395636273651
VAB_RBSP_like,20.0,112,102.18333333333334,0.7582342951773878,0.3672779465088357,0.7582342951773878,0.6327220534911643,0.6829269501656537
VAB_RBSP_like,20.0,113,102.18333333333334,0.7582342951773878,0.3649988716457293,0.7582342951773878,0.6350011283542707,0.6842943950835176
VAB_RBSP_like,20.0,114,102.18333333333334,0.7582342951773878,0.3627525550980495,0.7582342951773878,0.6372474449019505,0.6856421850121255
VAB_RBSP_like,20.0,115,102.18333333333334,0.7582342951773878,0.36053852601367686,0.7582342951773878,0.6394614739863231,0.6869706024627491
VAB_RBSP_like,20.0,116,102.18333333333334,0.7582342951773878,0.35835632030829173,0.7582342951773878,0.6416436796917082,0.6882799258859801
VAB_RBSP_like,20.0,117,102.18333333333334,0.7582342951773878,0.35620548056809703,0.7582342951773878,0.643794519431903,0.689570429730097
VAB_RBSP_like,20.0,118,102.18333333333334,0.7582342951773878,0.35408555595393965,0.7582342951773878,0.6459144440460604,0.6908423844985914
VAB_RBSP_like,20.0,119,102.18333333333334,0.7582342951773878,0.35199610210680937,0.7582342951773878,0.6480038978931906,0.6920960568068695
VAB_RBSP_like,20.0,120,102.18333333333334,0.7582342951773878,0.3499366810546968,0.7582342951773878,0.6500633189453032,0.693331709438137
VAB_RBSP_like,20.0,121,102.18333333333334,0.7582342951773878,0.34790686112078933,0.7582342951773878,0.6520931388792106,0.6945496013984815
VAB_RBSP_like,20.0,122,102.18333333333334,0.7582342951773878,0.3459062168329875,0.7582342951773878,0.6540937831670125,0.6957499879711626
VAB_RBSP_like,20.0,123,102.18333333333334,0.7582342951773878,0.34393432883472097,0.7582342951773878,0.656065671165279,0.6969331207701226
VAB_RBSP_like,20.0,124,102.18333333333334,0.7582342951773878,0.3419907837970473,0.7582342951773878,0.6580092162029527,0.6980992477927268
VAB_RBSP_like,20.0,125,102.18333333333334,0.7582342951773878,0.3400751743320134,0.7582342951773878,0.6599248256679866,0.699248613471747
VAB_RBSP_like,20.0,126,102.18333333333334,0.7582342951773878,0.33818709890726295,0.7582342951773878,0.661812901092737,0.7003814587265974
VAB_RBSP_like,20.0,127,102.18333333333334,0.7582342951773878,0.33632616176187063,0.7582342951773878,0.6636738382381293,0.7014980210138327
VAB_RBSP_like,20.0,128,102.18333333333334,0.7582342951773878,0.3344919728233866,0.7582342951773878,0.6655080271766134,0.7025985343769232
VAB_RBSP_like,20.0,129,102.18333333333334,0.7582342951773878,0.33268414762607296,0.7582342951773878,0.6673158523739271,0.7036832294953115
VAB_RBSP_like,20.0,130,102.18333333333334,0.7582342951773878,0.33090230723031555,0.7582342951773878,0.6690976927696844,0.7047523337327659
VAB_RBSP_like,20.0,131,102.18333333333334,0.7582342951773878,0.32914607814319435,0.7582342951773878,0.6708539218568057,0.7058060711850386
VAB_RBSP_like,20.0,132,102.18333333333334,0.7582342951773878,0.32741509224019516,0.7582342951773878,0.6725849077598048,0.7068446627268381
VAB_RBSP_like,20.0,133,102.18333333333334,0.7582342951773878,0.3257089866880468,0.7582342951773878,0.6742910133119532,0.7078683260581271
VAB_RBSP_like,20.0,134,102.18333333333334,0.7582342951773878,0.3240274038686674,0.7582342951773878,0.6759725961313325,0.7088772757497547
VAB_RBSP_like,20.0,135,102.18333333333334,0.7582342951773878,0.32236999130420363,0.7582342951773878,0.6776300086957964,0.7098717232884331
VAB_RBSP_like,20.0,136,102.18333333333334,0.7582342951773878,0.32073640158314776,0.7582342951773878,0.6792635984168522,0.7108518771210666
VAB_RBSP_like,20.0,137,102.18333333333334,0.7582342951773878,0.3191262922875164,0.7582342951773878,0.6808737077124836,0.7118179426984452
VAB_RBSP_like,20.0,138,102.18333333333334,0.7582342951773878,0.31753932592107587,0.7582342951773878,0.6824606740789241,0.7127701225183096
VAB_RBSP_like,20.0,139,102.18333333333334,0.7582342951773878,0.3159751698385996,0.7582342951773878,0.6840248301614005,0.7137086161677955
VAB_RBSP_like,20.0,140,102.18333333333334,0.7582342951773878,0.3144334961761419,0.7582342951773878,0.6855665038238581,0.71463362036527
VAB_RBSP_like,20.0,141,102.18333333333334,0.7582342951773878,0.31291398178231433,0.7582342951773878,0.6870860182176857,0.7155453290015665
VAB_RBSP_like,20.0,142,102.18333333333334,0.7582342951773878,0.31141630815054944,0.7582342951773878,0.6885836918494506,0.7164439331806255
VAB_RBSP_like,20.0,143,102.18333333333334,0.7582342951773878,0.30994016135233865,0.7582342951773878,0.6900598386476613,0.7173296212595519
VAB_RBSP_like,20.0,144,102.18333333333334,0.7582342951773878,0.3084852319714293,0.7582342951773878,0.6915147680285707,0.7182025788880976
VAB_RBSP_like,20.0,145,102.18333333333334,0.7582342951773878,0.30705121503896765,0.7582342951773878,0.6929487849610323,0.7190629890475746
VAB_RBSP_like,20.0,146,102.18333333333334,0.7582342951773878,0.3056378099695743,0.7582342951773878,0.6943621900304258,0.7199110320892106
VAB_RBSP_like,20.0,147,102.18333333333334,0.7582342951773878,0.30424472049833795,0.7582342951773878,0.695755279501662,0.7207468857719523
VAB_RBSP_like,20.0,148,102.18333333333334,0.7582342951773878,0.30287165461871546,0.7582342951773878,0.6971283453812845,0.7215707252997259
VAB_RBSP_like,20.0,149,102.18333333333334,0.7582342951773878,0.3015183245213238,0.7582342951773878,0.6984816754786762,0.7223827233581609
VAB_RBSP_like,20.0,150,102.18333333333334,0.7582342951773878,0.3001844465336125,0.7582342951773878,0.6998155534663875,0.7231830501507877
VAB_RBSP_like,20.0,151,102.18333333333334,0.7582342951773878,0.2988697410604022,0.7582342951773878,0.7011302589395978,0.7239718734347138
VAB_RBSP_like,20.0,152,102.18333333333334,0.7582342951773878,0.29757393252527925,0.7582342951773878,0.7024260674747207,0.7247493585557876
VAB_RBSP_like,20.0,153,102.18333333333334,0.7582342951773878,0.2962967493128314,0.7582342951773878,0.7037032506871685,0.7255156684832562
VAB_RBSP_like,20.0,154,102.18333333333334,0.7582342951773878,0.2950379237117144,0.7582342951773878,0.7049620762882856,0.7262709638439264
VAB_RBSP_like,20.0,155,102.18333333333334,0.7582342951773878,0.293797191858537,0.7582342951773878,0.7062028081414631,0.727015402955833
VAB_RBSP_like,20.0,156,102.18333333333334,0.7582342951773878,0.29257429368255206,0.7582342951773878,0.7074257063174479,0.7277491418614239
VAB_RBSP_like,20.0,157,102.18333333333334,0.7582342951773878,0.2913689728511432,0.7582342951773878,0.7086310271488567,0.7284723343602693
VAB_RBSP_like,20.0,158,102.18333333333334,0.7582342951773878,0.2901809767160946,0.7582342951773878,0.7098190232839054,0.7291851320412984
VAB_RBSP_like,20.0,159,102.18333333333334,0.7582342951773878,0.28901005626063314,0.7582342951773878,0.7109899437393669,0.7298876843145753
VAB_RBSP_like,20.0,160,102.18333333333334,0.7582342951773878,0.28785596604723185,0.7582342951773878,0.7121440339527682,0.730580138442616
VAB_RBSP_like,20.0,161,102.18333333333334,0.7582342951773878,0.2867184641661637,0.7582342951773878,0.7132815358338362,0.7312626395712569
VAB_RBSP_like,20.0,162,102.18333333333334,0.7582342951773878,0.2855973121847946,0.7582342951773878,0.7144026878152054,0.7319353307600784
VAB_RBSP_like,20.0,163,102.18333333333334,0.7582342951773878,0.28449227509760533,0.7582342951773878,0.7155077249023947,0.732598353012392
VAB_RBSP_like,20.0,164,102.18333333333334,0.7582342951773878,0.28340312127693185,0.7582342951773878,0.7165968787230681,0.733251845304796
VAB_RBSP_like,20.0,165,102.18333333333334,0.7582342951773878,0.2823296224244138,0.7582342951773878,0.7176703775755862,0.7338959446163069
VAB_RBSP_like,20.0,166,102.18333333333334,0.7582342951773878,0.2812715535231404,0.7582342951773878,0.7187284464768595,0.7345307859570709
VAB_RBSP_like,20.0,167,102.18333333333334,0.7582342951773878,0.280228692790485,0.7582342951773878,0.719771307209515,0.7351565023966642
VAB_RBSP_like,20.0,168,102.18333333333334,0.7582342951773878,0.27920082163161647,0.7582342951773878,0.7207991783683836,0.7357732250919853
VAB_RBSP_like,20.0,169,102.18333333333334,0.7582342951773878,0.2781877245936797,0.7582342951773878,0.7218122754063203,0.7363810833147473
VAB_RBSP_like,20.0,170,102.18333333333334,0.7582342951773878,0.2771891893206343,0.7582342951773878,0.7228108106793657,0.7369802044785746
VAB_RBSP_like,20.0,171,102.18333333333334,0.7582342951773878,0.2762050065087426,0.7582342951773878,0.7237949934912574,0.7375707141657096
VAB_RBSP_like,20.0,172,102.18333333333334,0.7582342951773878,0.275234969862697,0.7582342951773878,0.724765030137303,0.7381527361533369
VAB_RBSP_like,20.0,173,102.18333333333334,0.7582342951773878,0.2742788760523788,0.7582342951773878,0.7257211239476212,0.738726392439528
VAB_RBSP_like,20.0,174,102.18333333333334,0.7582342951773878,0.27333652467023734,0.7582342951773878,0.7266634753297627,0.7392918032688127
VAB_RBSP_like,20.0,175,102.18333333333334,0.7582342951773878,0.272407718189283,0.7582342951773878,0.727592281810717,0.7398490871573853
VAB_RBSP_like,20.0,176,102.18333333333334,0.7582342951773878,0.2714922619216832,0.7582342951773878,0.7285077380783168,0.7403983609179452
VAB_RBSP_like,20.0,177,102.18333333333334,0.7582342951773878,0.2705899639779536,0.7582342951773878,0.7294100360220463,0.740939739684183
VAB_RBSP_like,20.0,178,102.18333333333334,0.7582342951773878,0.26970063522673626,0.7582342951773878,0.7302993647732637,0.7414733369349134
VAB_RBSP_like,20.0,179,102.18333333333334,0.7582342951773878,0.2688240892551555,0.7582342951773878,0.7311759107448446,0.7419992645178619
VAB_RBSP_like,20.0,180,102.18333333333334,0.7582342951773878,0.26796014232974374,0.7582342951773878,0.7320398576702563,0.7425176326731089
